2024-11-09 00:16:36.664+0000 INFO  Logging config in use: File '/var/lib/neo4j/conf/user-logs.xml'
2024-11-09 00:16:36.694+0000 INFO  Starting...
2024-11-09 00:16:37.628+0000 INFO  This instance is ServerId{ccdccad5} (ccdccad5-0d9b-4930-97d0-4082c6336358)
2024-11-09 00:16:38.963+0000 INFO  ======== Neo4j 5.25.1 ========
2024-11-09 00:17:06.531+0000 INFO  Anonymous Usage Data is being sent to Neo4j, see https://neo4j.com/docs/usage-data/
2024-11-09 00:17:06.584+0000 INFO  Bolt enabled on 0.0.0.0:7687.
2024-11-09 00:17:07.203+0000 INFO  HTTP enabled on 0.0.0.0:7474.
2024-11-09 00:17:07.205+0000 INFO  Remote interface available at http://localhost:7474/
2024-11-09 00:17:07.221+0000 INFO  id: A282AA28E95FA8FEF1A51BD0EEE83B6FA595C026697ACA86E37B565756F5CC6A
2024-11-09 00:17:07.222+0000 INFO  name: system
2024-11-09 00:17:07.224+0000 INFO  creationDate: 2024-11-09T00:16:40.413Z
2024-11-09 00:17:07.226+0000 INFO  Started.
2024-11-09 00:18:09.883+0000 INFO  Neo4j Server shutdown initiated by request
2024-11-09 00:18:09.884+0000 INFO  Stopping...
2024-11-09 00:28:19.686+0000 INFO  Logging config in use: File '/var/lib/neo4j/conf/user-logs.xml'
2024-11-09 00:28:19.712+0000 INFO  Starting...
2024-11-09 00:28:20.768+0000 INFO  This instance is ServerId{ccdccad5} (ccdccad5-0d9b-4930-97d0-4082c6336358)
2024-11-09 00:28:22.053+0000 INFO  ======== Neo4j 5.25.1 ========
2024-11-09 00:28:27.074+0000 INFO  Anonymous Usage Data is being sent to Neo4j, see https://neo4j.com/docs/usage-data/
2024-11-09 00:28:27.125+0000 INFO  Bolt enabled on 0.0.0.0:7687.
2024-11-09 00:28:27.786+0000 INFO  HTTP enabled on 0.0.0.0:7474.
2024-11-09 00:28:27.788+0000 INFO  Remote interface available at http://localhost:7474/
2024-11-09 00:28:27.794+0000 INFO  id: A282AA28E95FA8FEF1A51BD0EEE83B6FA595C026697ACA86E37B565756F5CC6A
2024-11-09 00:28:27.795+0000 INFO  name: system
2024-11-09 00:28:27.796+0000 INFO  creationDate: 2024-11-09T00:16:40.413Z
2024-11-09 00:28:27.798+0000 INFO  Started.
2024-11-09 01:07:17.390+0000 WARN  [bolt-52] The client is unauthorized due to authentication failure.
2024-11-09 01:07:40.519+0000 INFO  Neo4j Server shutdown initiated by request
2024-11-09 01:07:40.520+0000 INFO  Stopping...
2024-11-09 18:29:54.764+0000 INFO  Logging config in use: File '/var/lib/neo4j/conf/user-logs.xml'
2024-11-09 18:29:54.807+0000 INFO  Starting...
2024-11-09 18:29:55.886+0000 INFO  This instance is ServerId{ccdccad5} (ccdccad5-0d9b-4930-97d0-4082c6336358)
2024-11-09 18:29:57.546+0000 INFO  ======== Neo4j 5.25.1 ========
2024-11-09 18:30:02.761+0000 INFO  Anonymous Usage Data is being sent to Neo4j, see https://neo4j.com/docs/usage-data/
2024-11-09 18:30:02.823+0000 INFO  Bolt enabled on 0.0.0.0:7687.
2024-11-09 18:30:03.637+0000 INFO  HTTP enabled on 0.0.0.0:7474.
2024-11-09 18:30:03.639+0000 INFO  Remote interface available at http://localhost:7474/
2024-11-09 18:30:03.645+0000 INFO  id: A282AA28E95FA8FEF1A51BD0EEE83B6FA595C026697ACA86E37B565756F5CC6A
2024-11-09 18:30:03.646+0000 INFO  name: system
2024-11-09 18:30:03.648+0000 INFO  creationDate: 2024-11-09T00:16:40.413Z
2024-11-09 18:30:03.649+0000 INFO  Started.
2024-11-09 18:31:44.301+0000 INFO  Neo4j Server shutdown initiated by request
2024-11-09 18:31:44.303+0000 INFO  Stopping...
2024-11-09 19:20:45.876+0000 INFO  Logging config in use: File '/var/lib/neo4j/conf/user-logs.xml'
2024-11-09 19:20:45.992+0000 INFO  Starting...
2024-11-09 19:20:47.394+0000 INFO  This instance is ServerId{ccdccad5} (ccdccad5-0d9b-4930-97d0-4082c6336358)
2024-11-09 19:20:49.149+0000 INFO  ======== Neo4j 5.25.1 ========
2024-11-09 19:20:54.738+0000 INFO  Anonymous Usage Data is being sent to Neo4j, see https://neo4j.com/docs/usage-data/
2024-11-09 19:20:54.824+0000 INFO  Bolt enabled on 0.0.0.0:7687.
2024-11-09 19:20:55.624+0000 INFO  HTTP enabled on 0.0.0.0:7474.
2024-11-09 19:20:55.625+0000 INFO  Remote interface available at http://localhost:7474/
2024-11-09 19:20:55.630+0000 INFO  id: A282AA28E95FA8FEF1A51BD0EEE83B6FA595C026697ACA86E37B565756F5CC6A
2024-11-09 19:20:55.631+0000 INFO  name: system
2024-11-09 19:20:55.632+0000 INFO  creationDate: 2024-11-09T00:16:40.413Z
2024-11-09 19:20:55.633+0000 INFO  Started.
2024-11-09 19:28:18.349+0000 WARN  [bolt-22] The client is unauthorized due to authentication failure.
2024-11-09 22:04:02.731+0000 INFO  Neo4j Server shutdown initiated by request
2024-11-09 22:04:02.734+0000 INFO  Stopping...
2024-11-09 22:04:08.385+0000 INFO  Stopped.
2024-11-09 22:04:19.135+0000 INFO  Logging config in use: File '/var/lib/neo4j/conf/user-logs.xml'
2024-11-09 22:04:19.179+0000 INFO  Starting...
2024-11-09 22:04:20.315+0000 INFO  This instance is ServerId{ccdccad5} (ccdccad5-0d9b-4930-97d0-4082c6336358)
2024-11-09 22:04:21.852+0000 INFO  ======== Neo4j 5.25.1 ========
2024-11-09 22:04:27.940+0000 INFO  Anonymous Usage Data is being sent to Neo4j, see https://neo4j.com/docs/usage-data/
2024-11-09 22:04:28.020+0000 INFO  Bolt enabled on 0.0.0.0:7687.
2024-11-09 22:04:28.942+0000 INFO  HTTP enabled on 0.0.0.0:7474.
2024-11-09 22:04:28.945+0000 INFO  Remote interface available at http://localhost:7474/
2024-11-09 22:04:28.952+0000 INFO  id: A282AA28E95FA8FEF1A51BD0EEE83B6FA595C026697ACA86E37B565756F5CC6A
2024-11-09 22:04:28.953+0000 INFO  name: system
2024-11-09 22:04:28.955+0000 INFO  creationDate: 2024-11-09T00:16:40.413Z
2024-11-09 22:04:28.957+0000 INFO  Started.
2024-11-09 22:37:46.777+0000 INFO  Neo4j Server shutdown initiated by request
2024-11-09 22:37:46.780+0000 INFO  Stopping...
2024-11-09 22:37:52.430+0000 INFO  Stopped.
2024-11-09 22:38:34.972+0000 INFO  Logging config in use: File '/var/lib/neo4j/conf/user-logs.xml'
2024-11-09 22:38:35.014+0000 INFO  Starting...
2024-11-09 22:38:36.325+0000 INFO  This instance is ServerId{ccdccad5} (ccdccad5-0d9b-4930-97d0-4082c6336358)
2024-11-09 22:38:38.163+0000 INFO  ======== Neo4j 5.25.1 ========
2024-11-09 22:38:44.412+0000 INFO  Anonymous Usage Data is being sent to Neo4j, see https://neo4j.com/docs/usage-data/
2024-11-09 22:38:44.469+0000 INFO  Bolt enabled on 0.0.0.0:7687.
2024-11-09 22:38:45.185+0000 INFO  HTTP enabled on 0.0.0.0:7474.
2024-11-09 22:38:45.187+0000 INFO  Remote interface available at http://localhost:7474/
2024-11-09 22:38:45.192+0000 INFO  id: A282AA28E95FA8FEF1A51BD0EEE83B6FA595C026697ACA86E37B565756F5CC6A
2024-11-09 22:38:45.193+0000 INFO  name: system
2024-11-09 22:38:45.195+0000 INFO  creationDate: 2024-11-09T00:16:40.413Z
2024-11-09 22:38:45.196+0000 INFO  Started.
2024-11-09 22:39:54.520+0000 INFO  Neo4j Server shutdown initiated by request
2024-11-09 22:39:54.521+0000 INFO  Stopping...
2024-11-09 22:40:17.578+0000 INFO  Logging config in use: File '/var/lib/neo4j/conf/user-logs.xml'
2024-11-09 22:40:17.630+0000 INFO  Starting...
2024-11-09 22:40:19.149+0000 INFO  This instance is ServerId{ccdccad5} (ccdccad5-0d9b-4930-97d0-4082c6336358)
2024-11-09 22:40:20.969+0000 INFO  ======== Neo4j 5.25.1 ========
2024-11-09 22:40:26.461+0000 INFO  Anonymous Usage Data is being sent to Neo4j, see https://neo4j.com/docs/usage-data/
2024-11-09 22:40:26.524+0000 INFO  Bolt enabled on 0.0.0.0:7687.
2024-11-09 22:40:27.301+0000 INFO  HTTP enabled on 0.0.0.0:7474.
2024-11-09 22:40:27.303+0000 INFO  Remote interface available at http://localhost:7474/
2024-11-09 22:40:27.309+0000 INFO  id: A282AA28E95FA8FEF1A51BD0EEE83B6FA595C026697ACA86E37B565756F5CC6A
2024-11-09 22:40:27.310+0000 INFO  name: system
2024-11-09 22:40:27.311+0000 INFO  creationDate: 2024-11-09T00:16:40.413Z
2024-11-09 22:40:27.313+0000 INFO  Started.
2024-11-09 22:40:53.792+0000 INFO  Neo4j Server shutdown initiated by request
2024-11-09 22:40:53.794+0000 INFO  Stopping...
2024-11-09 22:41:25.518+0000 INFO  Logging config in use: File '/var/lib/neo4j/conf/user-logs.xml'
2024-11-09 22:41:25.575+0000 INFO  Starting...
2024-11-09 22:41:27.145+0000 INFO  This instance is ServerId{ccdccad5} (ccdccad5-0d9b-4930-97d0-4082c6336358)
2024-11-09 22:41:28.753+0000 INFO  ======== Neo4j 5.25.1 ========
2024-11-09 22:41:33.858+0000 INFO  Anonymous Usage Data is being sent to Neo4j, see https://neo4j.com/docs/usage-data/
2024-11-09 22:41:33.923+0000 INFO  Bolt enabled on 0.0.0.0:7687.
2024-11-09 22:41:34.666+0000 INFO  HTTP enabled on 0.0.0.0:7474.
2024-11-09 22:41:34.668+0000 INFO  Remote interface available at http://localhost:7474/
2024-11-09 22:41:34.674+0000 INFO  id: A282AA28E95FA8FEF1A51BD0EEE83B6FA595C026697ACA86E37B565756F5CC6A
2024-11-09 22:41:34.675+0000 INFO  name: system
2024-11-09 22:41:34.677+0000 INFO  creationDate: 2024-11-09T00:16:40.413Z
2024-11-09 22:41:34.678+0000 INFO  Started.
2024-11-09 22:48:51.034+0000 INFO  Neo4j Server shutdown initiated by request
2024-11-09 22:48:51.036+0000 INFO  Stopping...
2024-11-09 22:50:01.853+0000 INFO  Logging config in use: File '/var/lib/neo4j/conf/user-logs.xml'
2024-11-09 22:50:01.892+0000 INFO  Starting...
2024-11-09 22:50:02.966+0000 INFO  This instance is ServerId{ccdccad5} (ccdccad5-0d9b-4930-97d0-4082c6336358)
2024-11-09 22:50:04.401+0000 INFO  ======== Neo4j 5.25.1 ========
2024-11-09 22:50:10.047+0000 INFO  Anonymous Usage Data is being sent to Neo4j, see https://neo4j.com/docs/usage-data/
2024-11-09 22:50:10.112+0000 INFO  Bolt enabled on 0.0.0.0:7687.
2024-11-09 22:50:10.824+0000 INFO  HTTP enabled on 0.0.0.0:7474.
2024-11-09 22:50:10.826+0000 INFO  Remote interface available at http://localhost:7474/
2024-11-09 22:50:10.832+0000 INFO  id: A282AA28E95FA8FEF1A51BD0EEE83B6FA595C026697ACA86E37B565756F5CC6A
2024-11-09 22:50:10.834+0000 INFO  name: system
2024-11-09 22:50:10.835+0000 INFO  creationDate: 2024-11-09T00:16:40.413Z
2024-11-09 22:50:10.836+0000 INFO  Started.
2024-11-09 22:54:02.140+0000 INFO  Neo4j Server shutdown initiated by request
2024-11-09 22:54:02.142+0000 INFO  Stopping...
2024-11-09 22:58:20.602+0000 INFO  Logging config in use: File '/var/lib/neo4j/conf/user-logs.xml'
2024-11-09 22:58:24.002+0000 INFO  Starting...
2024-11-09 22:58:30.254+0000 INFO  This instance is ServerId{ccdccad5} (ccdccad5-0d9b-4930-97d0-4082c6336358)
2024-11-09 22:58:31.990+0000 INFO  ======== Neo4j 5.25.1 ========
2024-11-09 22:58:58.704+0000 INFO  Anonymous Usage Data is being sent to Neo4j, see https://neo4j.com/docs/usage-data/
2024-11-09 22:58:59.285+0000 INFO  Bolt enabled on 0.0.0.0:7687.
2024-11-09 22:59:00.219+0000 INFO  HTTP enabled on 0.0.0.0:7474.
2024-11-09 22:59:00.221+0000 INFO  Remote interface available at http://localhost:7474/
2024-11-09 22:59:00.227+0000 INFO  id: A282AA28E95FA8FEF1A51BD0EEE83B6FA595C026697ACA86E37B565756F5CC6A
2024-11-09 22:59:00.228+0000 INFO  name: system
2024-11-09 22:59:00.230+0000 INFO  creationDate: 2024-11-09T00:16:40.413Z
2024-11-09 22:59:00.231+0000 INFO  Started.
2024-11-09 23:18:57.801+0000 INFO  Neo4j Server shutdown initiated by request
2024-11-09 23:18:57.803+0000 INFO  Stopping...
2024-11-09 23:19:56.440+0000 INFO  Logging config in use: File '/var/lib/neo4j/conf/user-logs.xml'
2024-11-09 23:19:56.483+0000 INFO  Starting...
2024-11-09 23:19:57.876+0000 INFO  This instance is ServerId{ccdccad5} (ccdccad5-0d9b-4930-97d0-4082c6336358)
2024-11-09 23:19:59.757+0000 INFO  ======== Neo4j 5.25.1 ========
2024-11-09 23:20:05.468+0000 INFO  Anonymous Usage Data is being sent to Neo4j, see https://neo4j.com/docs/usage-data/
2024-11-09 23:20:05.530+0000 INFO  Bolt enabled on 0.0.0.0:7687.
2024-11-09 23:20:06.365+0000 INFO  HTTP enabled on 0.0.0.0:7474.
2024-11-09 23:20:06.367+0000 INFO  Remote interface available at http://localhost:7474/
2024-11-09 23:20:06.372+0000 INFO  id: A282AA28E95FA8FEF1A51BD0EEE83B6FA595C026697ACA86E37B565756F5CC6A
2024-11-09 23:20:06.374+0000 INFO  name: system
2024-11-09 23:20:06.375+0000 INFO  creationDate: 2024-11-09T00:16:40.413Z
2024-11-09 23:20:06.377+0000 INFO  Started.
2024-11-10 16:40:02.130+0000 INFO  Logging config in use: File '/var/lib/neo4j/conf/user-logs.xml'
2024-11-10 16:40:02.179+0000 INFO  Starting...
2024-11-10 16:40:03.365+0000 INFO  This instance is ServerId{ccdccad5} (ccdccad5-0d9b-4930-97d0-4082c6336358)
2024-11-10 16:40:05.058+0000 INFO  ======== Neo4j 5.25.1 ========
2024-11-10 16:40:10.813+0000 INFO  Anonymous Usage Data is being sent to Neo4j, see https://neo4j.com/docs/usage-data/
2024-11-10 16:40:10.879+0000 INFO  Bolt enabled on 0.0.0.0:7687.
2024-11-10 16:40:11.866+0000 INFO  HTTP enabled on 0.0.0.0:7474.
2024-11-10 16:40:11.868+0000 INFO  Remote interface available at http://localhost:7474/
2024-11-10 16:40:11.872+0000 INFO  id: A282AA28E95FA8FEF1A51BD0EEE83B6FA595C026697ACA86E37B565756F5CC6A
2024-11-10 16:40:11.873+0000 INFO  name: system
2024-11-10 16:40:11.875+0000 INFO  creationDate: 2024-11-09T00:16:40.413Z
2024-11-10 16:40:11.876+0000 INFO  Started.
2024-11-10 16:52:53.854+0000 INFO  Neo4j Server shutdown initiated by request
2024-11-10 16:52:53.855+0000 INFO  Stopping...
2024-11-10 23:55:56.969+0000 INFO  Logging config in use: File '/var/lib/neo4j/conf/user-logs.xml'
2024-11-10 23:55:57.008+0000 INFO  Starting...
2024-11-10 23:55:58.148+0000 INFO  This instance is ServerId{ccdccad5} (ccdccad5-0d9b-4930-97d0-4082c6336358)
2024-11-10 23:55:59.913+0000 INFO  ======== Neo4j 5.25.1 ========
2024-11-10 23:56:07.206+0000 INFO  Anonymous Usage Data is being sent to Neo4j, see https://neo4j.com/docs/usage-data/
2024-11-10 23:56:07.281+0000 INFO  Bolt enabled on 0.0.0.0:7687.
2024-11-10 23:56:08.241+0000 INFO  HTTP enabled on 0.0.0.0:7474.
2024-11-10 23:56:08.243+0000 INFO  Remote interface available at http://localhost:7474/
2024-11-10 23:56:08.248+0000 INFO  id: A282AA28E95FA8FEF1A51BD0EEE83B6FA595C026697ACA86E37B565756F5CC6A
2024-11-10 23:56:08.249+0000 INFO  name: system
2024-11-10 23:56:08.250+0000 INFO  creationDate: 2024-11-09T00:16:40.413Z
2024-11-10 23:56:08.252+0000 INFO  Started.
2024-11-11 00:40:35.172+0000 INFO  Neo4j Server shutdown initiated by request
2024-11-11 00:40:35.177+0000 INFO  Stopping...
2024-11-11 00:40:40.990+0000 INFO  Stopped.
2024-11-11 09:31:19.437+0000 INFO  Logging config in use: File '/var/lib/neo4j/conf/user-logs.xml'
2024-11-11 09:31:19.474+0000 INFO  Starting...
2024-11-11 09:31:20.634+0000 INFO  This instance is ServerId{ccdccad5} (ccdccad5-0d9b-4930-97d0-4082c6336358)
2024-11-11 09:31:22.537+0000 INFO  ======== Neo4j 5.25.1 ========
2024-11-11 09:31:29.160+0000 INFO  Anonymous Usage Data is being sent to Neo4j, see https://neo4j.com/docs/usage-data/
2024-11-11 09:31:29.224+0000 INFO  Bolt enabled on 0.0.0.0:7687.
2024-11-11 09:31:30.086+0000 INFO  HTTP enabled on 0.0.0.0:7474.
2024-11-11 09:31:30.087+0000 INFO  Remote interface available at http://localhost:7474/
2024-11-11 09:31:30.092+0000 INFO  id: A282AA28E95FA8FEF1A51BD0EEE83B6FA595C026697ACA86E37B565756F5CC6A
2024-11-11 09:31:30.093+0000 INFO  name: system
2024-11-11 09:31:30.095+0000 INFO  creationDate: 2024-11-09T00:16:40.413Z
2024-11-11 09:31:30.097+0000 INFO  Started.
2024-11-11 14:10:29.702+0000 INFO  Logging config in use: File '/var/lib/neo4j/conf/user-logs.xml'
2024-11-11 14:10:29.750+0000 INFO  Starting...
2024-11-11 14:10:31.003+0000 INFO  This instance is ServerId{ccdccad5} (ccdccad5-0d9b-4930-97d0-4082c6336358)
2024-11-11 14:10:32.720+0000 INFO  ======== Neo4j 5.25.1 ========
2024-11-11 14:10:40.290+0000 INFO  Anonymous Usage Data is being sent to Neo4j, see https://neo4j.com/docs/usage-data/
2024-11-11 14:10:40.382+0000 INFO  Bolt enabled on 0.0.0.0:7687.
2024-11-11 14:10:41.616+0000 INFO  HTTP enabled on 0.0.0.0:7474.
2024-11-11 14:10:41.618+0000 INFO  Remote interface available at http://localhost:7474/
2024-11-11 14:10:41.626+0000 INFO  id: A282AA28E95FA8FEF1A51BD0EEE83B6FA595C026697ACA86E37B565756F5CC6A
2024-11-11 14:10:41.627+0000 INFO  name: system
2024-11-11 14:10:41.629+0000 INFO  creationDate: 2024-11-09T00:16:40.413Z
2024-11-11 14:10:41.631+0000 INFO  Started.
2024-11-11 17:06:54.267+0000 INFO  Logging config in use: File '/var/lib/neo4j/conf/user-logs.xml'
2024-11-11 17:06:54.324+0000 INFO  Starting...
2024-11-11 17:06:55.645+0000 INFO  This instance is ServerId{ccdccad5} (ccdccad5-0d9b-4930-97d0-4082c6336358)
2024-11-11 17:06:57.281+0000 INFO  ======== Neo4j 5.25.1 ========
2024-11-11 17:07:02.873+0000 INFO  Anonymous Usage Data is being sent to Neo4j, see https://neo4j.com/docs/usage-data/
2024-11-11 17:07:02.943+0000 INFO  Bolt enabled on 0.0.0.0:7687.
2024-11-11 17:07:03.889+0000 INFO  HTTP enabled on 0.0.0.0:7474.
2024-11-11 17:07:03.891+0000 INFO  Remote interface available at http://localhost:7474/
2024-11-11 17:07:03.896+0000 INFO  id: A282AA28E95FA8FEF1A51BD0EEE83B6FA595C026697ACA86E37B565756F5CC6A
2024-11-11 17:07:03.897+0000 INFO  name: system
2024-11-11 17:07:03.898+0000 INFO  creationDate: 2024-11-09T00:16:40.413Z
2024-11-11 17:07:03.899+0000 INFO  Started.
2024-12-28 17:37:06.686+0000 INFO  Logging config in use: File '/var/lib/neo4j/conf/user-logs.xml'
2024-12-28 17:37:06.736+0000 INFO  Starting...
2024-12-28 17:37:07.991+0000 INFO  This instance is ServerId{ccdccad5} (ccdccad5-0d9b-4930-97d0-4082c6336358)
2024-12-28 17:37:09.723+0000 INFO  ======== Neo4j 5.25.1 ========
2024-12-28 17:37:37.350+0000 INFO  Anonymous Usage Data is being sent to Neo4j, see https://neo4j.com/docs/usage-data/
2024-12-28 17:37:37.413+0000 INFO  Bolt enabled on 0.0.0.0:7687.
2024-12-28 17:37:38.169+0000 INFO  HTTP enabled on 0.0.0.0:7474.
2024-12-28 17:37:38.171+0000 INFO  Remote interface available at http://localhost:7474/
2024-12-28 17:37:38.175+0000 INFO  id: A282AA28E95FA8FEF1A51BD0EEE83B6FA595C026697ACA86E37B565756F5CC6A
2024-12-28 17:37:38.177+0000 INFO  name: system
2024-12-28 17:37:38.179+0000 INFO  creationDate: 2024-11-09T00:16:40.413Z
2024-12-28 17:37:38.180+0000 INFO  Started.
2024-12-28 17:37:57.762+0000 WARN  [bolt-7] The client is unauthorized due to authentication failure.
2024-12-28 17:37:57.779+0000 WARN  [bolt-8] The client is unauthorized due to authentication failure.
2024-12-28 17:37:57.805+0000 WARN  [bolt-9] The client is unauthorized due to authentication failure.
2024-12-28 17:39:09.759+0000 WARN  [bolt-10] The client is unauthorized due to authentication failure.
2024-12-28 17:39:09.775+0000 WARN  [bolt-11] The client is unauthorized due to authentication failure.
2024-12-28 17:39:09.795+0000 WARN  [bolt-12] The client is unauthorized due to authentication failure.
2024-12-28 17:39:22.438+0000 WARN  [bolt-13] The client is unauthorized due to authentication failure.
2024-12-28 17:39:22.487+0000 WARN  [bolt-14] The client is unauthorized due to authentication failure.
2024-12-28 17:39:22.504+0000 WARN  [bolt-15] The client is unauthorized due to authentication failure.
2024-12-28 17:43:57.901+0000 INFO  Neo4j Server shutdown initiated by request
2024-12-28 17:43:57.902+0000 INFO  Stopping...
2024-12-30 10:51:09.366+0000 INFO  Logging config in use: File '/var/lib/neo4j/conf/user-logs.xml'
2024-12-30 10:51:09.476+0000 INFO  Starting...
2024-12-30 10:51:10.790+0000 INFO  This instance is ServerId{ccdccad5} (ccdccad5-0d9b-4930-97d0-4082c6336358)
2024-12-30 10:51:12.460+0000 INFO  ======== Neo4j 5.25.1 ========
2024-12-30 10:51:44.408+0000 INFO  Anonymous Usage Data is being sent to Neo4j, see https://neo4j.com/docs/usage-data/
2024-12-30 10:51:44.466+0000 INFO  Bolt enabled on 0.0.0.0:7687.
2024-12-30 10:51:45.185+0000 INFO  HTTP enabled on 0.0.0.0:7474.
2024-12-30 10:51:45.187+0000 INFO  Remote interface available at http://localhost:7474/
2024-12-30 10:51:45.191+0000 INFO  id: A282AA28E95FA8FEF1A51BD0EEE83B6FA595C026697ACA86E37B565756F5CC6A
2024-12-30 10:51:45.192+0000 INFO  name: system
2024-12-30 10:51:45.194+0000 INFO  creationDate: 2024-11-09T00:16:40.413Z
2024-12-30 10:51:45.195+0000 INFO  Started.
2024-12-30 10:56:43.456+0000 INFO  Neo4j Server shutdown initiated by request
2024-12-30 10:56:43.459+0000 INFO  Stopping...
2024-12-30 11:31:19.287+0000 INFO  Logging config in use: File '/var/lib/neo4j/conf/user-logs.xml'
2024-12-30 11:31:19.316+0000 INFO  Starting...
2024-12-30 11:31:20.950+0000 INFO  This instance is ServerId{ccdccad5} (ccdccad5-0d9b-4930-97d0-4082c6336358)
2024-12-30 11:31:23.107+0000 INFO  ======== Neo4j 5.25.1 ========
2024-12-30 11:31:30.881+0000 INFO  Anonymous Usage Data is being sent to Neo4j, see https://neo4j.com/docs/usage-data/
2024-12-30 11:31:30.971+0000 INFO  Bolt enabled on 0.0.0.0:7687.
2024-12-30 11:31:31.986+0000 INFO  HTTP enabled on 0.0.0.0:7474.
2024-12-30 11:31:31.988+0000 INFO  Remote interface available at http://localhost:7474/
2024-12-30 11:31:31.994+0000 INFO  id: A282AA28E95FA8FEF1A51BD0EEE83B6FA595C026697ACA86E37B565756F5CC6A
2024-12-30 11:31:31.995+0000 INFO  name: system
2024-12-30 11:31:31.996+0000 INFO  creationDate: 2024-11-09T00:16:40.413Z
2024-12-30 11:31:31.998+0000 INFO  Started.
2024-12-30 11:33:01.484+0000 INFO  Neo4j Server shutdown initiated by request
2024-12-30 11:33:01.486+0000 INFO  Stopping...
2024-12-30 11:33:12.723+0000 INFO  Stopped.
2024-12-30 12:03:56.540+0000 INFO  Logging config in use: File '/var/lib/neo4j/conf/user-logs.xml'
2024-12-30 12:03:56.578+0000 INFO  Starting...
2024-12-30 12:03:57.651+0000 INFO  This instance is ServerId{ccdccad5} (ccdccad5-0d9b-4930-97d0-4082c6336358)
2024-12-30 12:03:58.949+0000 INFO  ======== Neo4j 5.25.1 ========
2024-12-30 12:04:04.540+0000 INFO  Anonymous Usage Data is being sent to Neo4j, see https://neo4j.com/docs/usage-data/
2024-12-30 12:04:04.606+0000 INFO  Bolt enabled on 0.0.0.0:7687.
2024-12-30 12:04:05.318+0000 INFO  HTTP enabled on 0.0.0.0:7474.
2024-12-30 12:04:05.321+0000 INFO  Remote interface available at http://localhost:7474/
2024-12-30 12:04:05.326+0000 INFO  id: A282AA28E95FA8FEF1A51BD0EEE83B6FA595C026697ACA86E37B565756F5CC6A
2024-12-30 12:04:05.327+0000 INFO  name: system
2024-12-30 12:04:05.328+0000 INFO  creationDate: 2024-11-09T00:16:40.413Z
2024-12-30 12:04:05.330+0000 INFO  Started.
2024-12-30 12:07:03.972+0000 INFO  Neo4j Server shutdown initiated by request
2024-12-30 12:07:03.974+0000 INFO  Stopping...
2025-01-10 10:16:31.965+0000 INFO  Logging config in use: File '/var/lib/neo4j/conf/user-logs.xml'
2025-01-10 10:16:32.208+0000 INFO  Starting...
2025-01-10 10:16:47.841+0000 INFO  This instance is ServerId{ccdccad5} (ccdccad5-0d9b-4930-97d0-4082c6336358)
2025-01-10 10:17:09.029+0000 INFO  ======== Neo4j 5.25.1 ========
2025-01-10 10:17:37.954+0000 INFO  Anonymous Usage Data is being sent to Neo4j, see https://neo4j.com/docs/usage-data/
2025-01-10 10:17:38.027+0000 INFO  Bolt enabled on 0.0.0.0:7687.
2025-01-10 10:17:39.171+0000 INFO  HTTP enabled on 0.0.0.0:7474.
2025-01-10 10:17:39.173+0000 INFO  Remote interface available at http://localhost:7474/
2025-01-10 10:17:39.178+0000 INFO  id: A282AA28E95FA8FEF1A51BD0EEE83B6FA595C026697ACA86E37B565756F5CC6A
2025-01-10 10:17:39.180+0000 INFO  name: system
2025-01-10 10:17:39.181+0000 INFO  creationDate: 2024-11-09T00:16:40.413Z
2025-01-10 10:17:39.183+0000 INFO  Started.
2025-01-10 10:20:27.551+0000 INFO  Neo4j Server shutdown initiated by request
2025-01-10 10:20:27.552+0000 INFO  Stopping...
2025-01-10 10:29:09.731+0000 INFO  Logging config in use: File '/var/lib/neo4j/conf/user-logs.xml'
2025-01-10 10:29:09.763+0000 INFO  Starting...
2025-01-10 10:29:10.834+0000 INFO  This instance is ServerId{ccdccad5} (ccdccad5-0d9b-4930-97d0-4082c6336358)
2025-01-10 10:29:12.199+0000 INFO  ======== Neo4j 5.25.1 ========
2025-01-10 10:29:17.757+0000 INFO  Anonymous Usage Data is being sent to Neo4j, see https://neo4j.com/docs/usage-data/
2025-01-10 10:29:17.826+0000 INFO  Bolt enabled on 0.0.0.0:7687.
2025-01-10 10:29:18.617+0000 INFO  HTTP enabled on 0.0.0.0:7474.
2025-01-10 10:29:18.619+0000 INFO  Remote interface available at http://localhost:7474/
2025-01-10 10:29:18.625+0000 INFO  id: A282AA28E95FA8FEF1A51BD0EEE83B6FA595C026697ACA86E37B565756F5CC6A
2025-01-10 10:29:18.626+0000 INFO  name: system
2025-01-10 10:29:18.627+0000 INFO  creationDate: 2024-11-09T00:16:40.413Z
2025-01-10 10:29:18.628+0000 INFO  Started.
2025-01-10 10:30:40.299+0000 INFO  Neo4j Server shutdown initiated by request
2025-01-10 10:30:40.300+0000 INFO  Stopping...
2025-01-10 10:33:32.160+0000 INFO  Logging config in use: File '/var/lib/neo4j/conf/user-logs.xml'
2025-01-10 10:33:32.194+0000 INFO  Starting...
2025-01-10 10:33:33.262+0000 INFO  This instance is ServerId{ccdccad5} (ccdccad5-0d9b-4930-97d0-4082c6336358)
2025-01-10 10:33:34.675+0000 INFO  ======== Neo4j 5.25.1 ========
2025-01-10 10:33:40.314+0000 INFO  Anonymous Usage Data is being sent to Neo4j, see https://neo4j.com/docs/usage-data/
2025-01-10 10:33:40.370+0000 INFO  Bolt enabled on 0.0.0.0:7687.
2025-01-10 10:33:41.097+0000 INFO  HTTP enabled on 0.0.0.0:7474.
2025-01-10 10:33:41.098+0000 INFO  Remote interface available at http://localhost:7474/
2025-01-10 10:33:41.103+0000 INFO  id: A282AA28E95FA8FEF1A51BD0EEE83B6FA595C026697ACA86E37B565756F5CC6A
2025-01-10 10:33:41.104+0000 INFO  name: system
2025-01-10 10:33:41.105+0000 INFO  creationDate: 2024-11-09T00:16:40.413Z
2025-01-10 10:33:41.106+0000 INFO  Started.
2025-01-10 10:35:11.131+0000 INFO  Neo4j Server shutdown initiated by request
2025-01-10 10:35:11.132+0000 INFO  Stopping...
2025-01-10 10:37:03.773+0000 INFO  Logging config in use: File '/var/lib/neo4j/conf/user-logs.xml'
2025-01-10 10:37:03.793+0000 INFO  Starting...
2025-01-10 10:37:05.700+0000 INFO  This instance is ServerId{ccdccad5} (ccdccad5-0d9b-4930-97d0-4082c6336358)
2025-01-10 10:37:11.540+0000 INFO  ======== Neo4j 5.25.1 ========
2025-01-10 10:37:21.806+0000 INFO  Anonymous Usage Data is being sent to Neo4j, see https://neo4j.com/docs/usage-data/
2025-01-10 10:37:22.190+0000 INFO  Bolt enabled on 0.0.0.0:7687.
2025-01-10 10:37:32.793+0000 INFO  HTTP enabled on 0.0.0.0:7474.
2025-01-10 10:37:32.795+0000 INFO  Remote interface available at http://localhost:7474/
2025-01-10 10:37:32.800+0000 INFO  id: A282AA28E95FA8FEF1A51BD0EEE83B6FA595C026697ACA86E37B565756F5CC6A
2025-01-10 10:37:32.801+0000 INFO  name: system
2025-01-10 10:37:32.802+0000 INFO  creationDate: 2024-11-09T00:16:40.413Z
2025-01-10 10:37:32.803+0000 INFO  Started.
2025-01-10 10:46:14.392+0000 INFO  Neo4j Server shutdown initiated by request
2025-01-10 10:46:14.393+0000 INFO  Stopping...
2025-01-10 10:48:30.290+0000 INFO  Logging config in use: File '/var/lib/neo4j/conf/user-logs.xml'
2025-01-10 10:48:30.376+0000 INFO  Starting...
2025-01-10 10:48:31.688+0000 INFO  This instance is ServerId{ccdccad5} (ccdccad5-0d9b-4930-97d0-4082c6336358)
2025-01-10 10:48:33.602+0000 INFO  ======== Neo4j 5.25.1 ========
2025-01-10 10:48:41.998+0000 INFO  Anonymous Usage Data is being sent to Neo4j, see https://neo4j.com/docs/usage-data/
2025-01-10 10:48:42.118+0000 INFO  Bolt enabled on 0.0.0.0:7687.
2025-01-10 10:48:42.967+0000 INFO  HTTP enabled on 0.0.0.0:7474.
2025-01-10 10:48:42.968+0000 INFO  Remote interface available at http://localhost:7474/
2025-01-10 10:48:42.974+0000 INFO  id: A282AA28E95FA8FEF1A51BD0EEE83B6FA595C026697ACA86E37B565756F5CC6A
2025-01-10 10:48:42.976+0000 INFO  name: system
2025-01-10 10:48:42.978+0000 INFO  creationDate: 2024-11-09T00:16:40.413Z
2025-01-10 10:48:42.979+0000 INFO  Started.
2025-01-10 10:57:23.769+0000 INFO  Neo4j Server shutdown initiated by request
2025-01-10 10:57:23.770+0000 INFO  Stopping...
2025-01-10 12:41:18.562+0000 INFO  Logging config in use: File '/var/lib/neo4j/conf/user-logs.xml'
2025-01-10 12:41:18.635+0000 INFO  Starting...
2025-01-10 12:41:20.592+0000 INFO  This instance is ServerId{ccdccad5} (ccdccad5-0d9b-4930-97d0-4082c6336358)
2025-01-10 12:41:21.892+0000 INFO  ======== Neo4j 5.25.1 ========
2025-01-10 12:41:34.475+0000 INFO  Anonymous Usage Data is being sent to Neo4j, see https://neo4j.com/docs/usage-data/
2025-01-10 12:41:34.543+0000 INFO  Bolt enabled on 0.0.0.0:7687.
2025-01-10 12:41:35.362+0000 INFO  HTTP enabled on 0.0.0.0:7474.
2025-01-10 12:41:35.364+0000 INFO  Remote interface available at http://localhost:7474/
2025-01-10 12:41:35.369+0000 INFO  id: A282AA28E95FA8FEF1A51BD0EEE83B6FA595C026697ACA86E37B565756F5CC6A
2025-01-10 12:41:35.371+0000 INFO  name: system
2025-01-10 12:41:35.372+0000 INFO  creationDate: 2024-11-09T00:16:40.413Z
2025-01-10 12:41:35.374+0000 INFO  Started.
2025-01-10 16:38:39.564+0000 INFO  Neo4j Server shutdown initiated by request
2025-01-10 16:38:39.565+0000 INFO  Stopping...
2025-01-10 16:41:56.888+0000 INFO  Logging config in use: File '/var/lib/neo4j/conf/user-logs.xml'
2025-01-10 16:41:56.932+0000 INFO  Starting...
2025-01-10 16:41:58.195+0000 INFO  This instance is ServerId{ccdccad5} (ccdccad5-0d9b-4930-97d0-4082c6336358)
2025-01-10 16:41:59.767+0000 INFO  ======== Neo4j 5.25.1 ========
2025-01-10 16:42:07.215+0000 INFO  Anonymous Usage Data is being sent to Neo4j, see https://neo4j.com/docs/usage-data/
2025-01-10 16:42:07.276+0000 INFO  Bolt enabled on 0.0.0.0:7687.
2025-01-10 16:42:08.168+0000 INFO  HTTP enabled on 0.0.0.0:7474.
2025-01-10 16:42:08.171+0000 INFO  Remote interface available at http://localhost:7474/
2025-01-10 16:42:08.180+0000 INFO  id: A282AA28E95FA8FEF1A51BD0EEE83B6FA595C026697ACA86E37B565756F5CC6A
2025-01-10 16:42:08.182+0000 INFO  name: system
2025-01-10 16:42:08.184+0000 INFO  creationDate: 2024-11-09T00:16:40.413Z
2025-01-10 16:42:08.186+0000 INFO  Started.
2025-01-10 16:47:18.763+0000 INFO  Neo4j Server shutdown initiated by request
2025-01-10 16:47:18.796+0000 INFO  Stopping...
2025-01-10 16:48:58.168+0000 INFO  Logging config in use: File '/var/lib/neo4j/conf/user-logs.xml'
2025-01-10 16:48:58.211+0000 INFO  Starting...
2025-01-10 16:48:59.410+0000 INFO  This instance is ServerId{ccdccad5} (ccdccad5-0d9b-4930-97d0-4082c6336358)
2025-01-10 16:49:01.166+0000 INFO  ======== Neo4j 5.25.1 ========
2025-01-10 16:49:09.636+0000 INFO  Anonymous Usage Data is being sent to Neo4j, see https://neo4j.com/docs/usage-data/
2025-01-10 16:49:09.701+0000 INFO  Bolt enabled on 0.0.0.0:7687.
2025-01-10 16:49:10.597+0000 INFO  HTTP enabled on 0.0.0.0:7474.
2025-01-10 16:49:10.599+0000 INFO  Remote interface available at http://localhost:7474/
2025-01-10 16:49:10.603+0000 INFO  id: A282AA28E95FA8FEF1A51BD0EEE83B6FA595C026697ACA86E37B565756F5CC6A
2025-01-10 16:49:10.604+0000 INFO  name: system
2025-01-10 16:49:10.605+0000 INFO  creationDate: 2024-11-09T00:16:40.413Z
2025-01-10 16:49:10.607+0000 INFO  Started.
2025-01-10 16:50:23.640+0000 INFO  Neo4j Server shutdown initiated by request
2025-01-10 16:50:23.642+0000 INFO  Stopping...
2025-01-10 23:43:35.774+0000 INFO  Logging config in use: File '/var/lib/neo4j/conf/user-logs.xml'
2025-01-10 23:43:35.817+0000 INFO  Starting...
2025-01-10 23:43:37.018+0000 INFO  This instance is ServerId{ccdccad5} (ccdccad5-0d9b-4930-97d0-4082c6336358)
2025-01-10 23:43:38.466+0000 INFO  ======== Neo4j 5.25.1 ========
2025-01-10 23:43:44.162+0000 INFO  Anonymous Usage Data is being sent to Neo4j, see https://neo4j.com/docs/usage-data/
2025-01-10 23:43:44.221+0000 INFO  Bolt enabled on 0.0.0.0:7687.
2025-01-10 23:43:45.002+0000 INFO  HTTP enabled on 0.0.0.0:7474.
2025-01-10 23:43:45.004+0000 INFO  Remote interface available at http://localhost:7474/
2025-01-10 23:43:45.009+0000 INFO  id: A282AA28E95FA8FEF1A51BD0EEE83B6FA595C026697ACA86E37B565756F5CC6A
2025-01-10 23:43:45.010+0000 INFO  name: system
2025-01-10 23:43:45.011+0000 INFO  creationDate: 2024-11-09T00:16:40.413Z
2025-01-10 23:43:45.012+0000 INFO  Started.
2025-01-10 23:46:00.689+0000 INFO  Neo4j Server shutdown initiated by request
2025-01-10 23:46:00.692+0000 INFO  Stopping...
2025-01-10 23:55:59.255+0000 INFO  Logging config in use: File '/var/lib/neo4j/conf/user-logs.xml'
2025-01-10 23:55:59.309+0000 INFO  Starting...
2025-01-10 23:56:00.634+0000 INFO  This instance is ServerId{ccdccad5} (ccdccad5-0d9b-4930-97d0-4082c6336358)
2025-01-10 23:56:03.483+0000 INFO  ======== Neo4j 5.25.1 ========
2025-01-10 23:56:09.922+0000 INFO  Anonymous Usage Data is being sent to Neo4j, see https://neo4j.com/docs/usage-data/
2025-01-10 23:56:09.994+0000 INFO  Bolt enabled on 0.0.0.0:7687.
2025-01-10 23:56:10.888+0000 INFO  HTTP enabled on 0.0.0.0:7474.
2025-01-10 23:56:10.890+0000 INFO  Remote interface available at http://localhost:7474/
2025-01-10 23:56:10.895+0000 INFO  id: A282AA28E95FA8FEF1A51BD0EEE83B6FA595C026697ACA86E37B565756F5CC6A
2025-01-10 23:56:10.897+0000 INFO  name: system
2025-01-10 23:56:10.898+0000 INFO  creationDate: 2024-11-09T00:16:40.413Z
2025-01-10 23:56:10.899+0000 INFO  Started.
2025-01-10 23:57:08.206+0000 INFO  Neo4j Server shutdown initiated by request
2025-01-10 23:57:08.208+0000 INFO  Stopping...
2025-01-10 23:58:23.996+0000 INFO  Logging config in use: File '/var/lib/neo4j/conf/user-logs.xml'
2025-01-10 23:58:24.051+0000 INFO  Starting...
2025-01-10 23:58:25.248+0000 INFO  This instance is ServerId{ccdccad5} (ccdccad5-0d9b-4930-97d0-4082c6336358)
2025-01-10 23:58:26.645+0000 INFO  ======== Neo4j 5.25.1 ========
2025-01-10 23:58:35.127+0000 INFO  Anonymous Usage Data is being sent to Neo4j, see https://neo4j.com/docs/usage-data/
2025-01-10 23:58:35.183+0000 INFO  Bolt enabled on 0.0.0.0:7687.
2025-01-10 23:58:36.109+0000 INFO  HTTP enabled on 0.0.0.0:7474.
2025-01-10 23:58:36.111+0000 INFO  Remote interface available at http://localhost:7474/
2025-01-10 23:58:36.114+0000 INFO  id: A282AA28E95FA8FEF1A51BD0EEE83B6FA595C026697ACA86E37B565756F5CC6A
2025-01-10 23:58:36.116+0000 INFO  name: system
2025-01-10 23:58:36.117+0000 INFO  creationDate: 2024-11-09T00:16:40.413Z
2025-01-10 23:58:36.118+0000 INFO  Started.
2025-01-11 00:02:13.748+0000 INFO  Neo4j Server shutdown initiated by request
2025-01-11 00:02:13.790+0000 INFO  Stopping...
2025-01-11 00:22:16.221+0000 INFO  Logging config in use: File '/var/lib/neo4j/conf/user-logs.xml'
2025-01-11 00:22:16.251+0000 INFO  Starting...
2025-01-11 00:22:17.291+0000 INFO  This instance is ServerId{ccdccad5} (ccdccad5-0d9b-4930-97d0-4082c6336358)
2025-01-11 00:22:18.523+0000 INFO  ======== Neo4j 5.25.1 ========
2025-01-11 00:22:23.652+0000 INFO  Anonymous Usage Data is being sent to Neo4j, see https://neo4j.com/docs/usage-data/
2025-01-11 00:22:23.705+0000 INFO  Bolt enabled on 0.0.0.0:7687.
2025-01-11 00:22:24.415+0000 INFO  HTTP enabled on 0.0.0.0:7474.
2025-01-11 00:22:24.417+0000 INFO  Remote interface available at http://localhost:7474/
2025-01-11 00:22:24.421+0000 INFO  id: A282AA28E95FA8FEF1A51BD0EEE83B6FA595C026697ACA86E37B565756F5CC6A
2025-01-11 00:22:24.422+0000 INFO  name: system
2025-01-11 00:22:24.424+0000 INFO  creationDate: 2024-11-09T00:16:40.413Z
2025-01-11 00:22:24.425+0000 INFO  Started.
2025-01-11 00:26:01.923+0000 INFO  Neo4j Server shutdown initiated by request
2025-01-11 00:26:01.925+0000 INFO  Stopping...
2025-01-11 00:27:09.770+0000 INFO  Logging config in use: File '/var/lib/neo4j/conf/user-logs.xml'
2025-01-11 00:27:09.819+0000 INFO  Starting...
2025-01-11 00:27:10.971+0000 INFO  This instance is ServerId{ccdccad5} (ccdccad5-0d9b-4930-97d0-4082c6336358)
2025-01-11 00:27:12.870+0000 INFO  ======== Neo4j 5.25.1 ========
2025-01-11 00:27:18.810+0000 INFO  Anonymous Usage Data is being sent to Neo4j, see https://neo4j.com/docs/usage-data/
2025-01-11 00:27:18.880+0000 INFO  Bolt enabled on 0.0.0.0:7687.
2025-01-11 00:27:19.664+0000 INFO  HTTP enabled on 0.0.0.0:7474.
2025-01-11 00:27:19.666+0000 INFO  Remote interface available at http://localhost:7474/
2025-01-11 00:27:19.671+0000 INFO  id: A282AA28E95FA8FEF1A51BD0EEE83B6FA595C026697ACA86E37B565756F5CC6A
2025-01-11 00:27:19.672+0000 INFO  name: system
2025-01-11 00:27:19.674+0000 INFO  creationDate: 2024-11-09T00:16:40.413Z
2025-01-11 00:27:19.675+0000 INFO  Started.
2025-01-11 00:29:49.905+0000 INFO  Neo4j Server shutdown initiated by request
2025-01-11 00:29:49.906+0000 INFO  Stopping...
2025-01-11 00:30:38.075+0000 INFO  Logging config in use: File '/var/lib/neo4j/conf/user-logs.xml'
2025-01-11 00:30:38.108+0000 INFO  Starting...
2025-01-11 00:30:39.163+0000 INFO  This instance is ServerId{ccdccad5} (ccdccad5-0d9b-4930-97d0-4082c6336358)
2025-01-11 00:30:40.597+0000 INFO  ======== Neo4j 5.25.1 ========
2025-01-11 00:30:46.449+0000 INFO  Anonymous Usage Data is being sent to Neo4j, see https://neo4j.com/docs/usage-data/
2025-01-11 00:30:46.505+0000 INFO  Bolt enabled on 0.0.0.0:7687.
2025-01-11 00:30:47.246+0000 INFO  HTTP enabled on 0.0.0.0:7474.
2025-01-11 00:30:47.248+0000 INFO  Remote interface available at http://localhost:7474/
2025-01-11 00:30:47.253+0000 INFO  id: A282AA28E95FA8FEF1A51BD0EEE83B6FA595C026697ACA86E37B565756F5CC6A
2025-01-11 00:30:47.255+0000 INFO  name: system
2025-01-11 00:30:47.256+0000 INFO  creationDate: 2024-11-09T00:16:40.413Z
2025-01-11 00:30:47.257+0000 INFO  Started.
2025-01-11 00:32:14.324+0000 INFO  Neo4j Server shutdown initiated by request
2025-01-11 00:32:14.325+0000 INFO  Stopping...
2025-01-11 00:33:38.408+0000 INFO  Logging config in use: File '/var/lib/neo4j/conf/user-logs.xml'
2025-01-11 00:33:38.443+0000 INFO  Starting...
2025-01-11 00:33:39.589+0000 INFO  This instance is ServerId{ccdccad5} (ccdccad5-0d9b-4930-97d0-4082c6336358)
2025-01-11 00:33:41.202+0000 INFO  ======== Neo4j 5.25.1 ========
2025-01-11 00:33:47.001+0000 INFO  Anonymous Usage Data is being sent to Neo4j, see https://neo4j.com/docs/usage-data/
2025-01-11 00:33:47.059+0000 INFO  Bolt enabled on 0.0.0.0:7687.
2025-01-11 00:33:47.888+0000 INFO  HTTP enabled on 0.0.0.0:7474.
2025-01-11 00:33:47.890+0000 INFO  Remote interface available at http://localhost:7474/
2025-01-11 00:33:47.895+0000 INFO  id: A282AA28E95FA8FEF1A51BD0EEE83B6FA595C026697ACA86E37B565756F5CC6A
2025-01-11 00:33:47.896+0000 INFO  name: system
2025-01-11 00:33:47.897+0000 INFO  creationDate: 2024-11-09T00:16:40.413Z
2025-01-11 00:33:47.898+0000 INFO  Started.
2025-01-11 00:41:27.890+0000 INFO  Neo4j Server shutdown initiated by request
2025-01-11 00:41:27.892+0000 INFO  Stopping...
2025-01-11 00:41:49.509+0000 INFO  Logging config in use: File '/var/lib/neo4j/conf/user-logs.xml'
2025-01-11 00:41:49.545+0000 INFO  Starting...
2025-01-11 00:41:50.686+0000 INFO  This instance is ServerId{ccdccad5} (ccdccad5-0d9b-4930-97d0-4082c6336358)
2025-01-11 00:41:52.211+0000 INFO  ======== Neo4j 5.25.1 ========
2025-01-11 00:41:57.583+0000 INFO  Anonymous Usage Data is being sent to Neo4j, see https://neo4j.com/docs/usage-data/
2025-01-11 00:41:57.638+0000 INFO  Bolt enabled on 0.0.0.0:7687.
2025-01-11 00:41:58.464+0000 INFO  HTTP enabled on 0.0.0.0:7474.
2025-01-11 00:41:58.466+0000 INFO  Remote interface available at http://localhost:7474/
2025-01-11 00:41:58.473+0000 INFO  id: A282AA28E95FA8FEF1A51BD0EEE83B6FA595C026697ACA86E37B565756F5CC6A
2025-01-11 00:41:58.476+0000 INFO  name: system
2025-01-11 00:41:58.478+0000 INFO  creationDate: 2024-11-09T00:16:40.413Z
2025-01-11 00:41:58.480+0000 INFO  Started.
2025-01-11 00:48:49.486+0000 INFO  Neo4j Server shutdown initiated by request
2025-01-11 00:48:49.487+0000 INFO  Stopping...
2025-01-11 00:49:28.435+0000 INFO  Logging config in use: File '/var/lib/neo4j/conf/user-logs.xml'
2025-01-11 00:49:28.476+0000 INFO  Starting...
2025-01-11 00:49:29.499+0000 INFO  This instance is ServerId{ccdccad5} (ccdccad5-0d9b-4930-97d0-4082c6336358)
2025-01-11 00:49:30.833+0000 INFO  ======== Neo4j 5.25.1 ========
2025-01-11 00:49:36.682+0000 INFO  Anonymous Usage Data is being sent to Neo4j, see https://neo4j.com/docs/usage-data/
2025-01-11 00:49:36.782+0000 INFO  Bolt enabled on 0.0.0.0:7687.
2025-01-11 00:49:37.632+0000 INFO  HTTP enabled on 0.0.0.0:7474.
2025-01-11 00:49:37.633+0000 INFO  Remote interface available at http://localhost:7474/
2025-01-11 00:49:37.638+0000 INFO  id: A282AA28E95FA8FEF1A51BD0EEE83B6FA595C026697ACA86E37B565756F5CC6A
2025-01-11 00:49:37.640+0000 INFO  name: system
2025-01-11 00:49:37.641+0000 INFO  creationDate: 2024-11-09T00:16:40.413Z
2025-01-11 00:49:37.642+0000 INFO  Started.
2025-01-11 00:51:53.479+0000 INFO  Neo4j Server shutdown initiated by request
2025-01-11 00:51:53.503+0000 INFO  Stopping...
2025-01-11 01:00:30.016+0000 INFO  Logging config in use: File '/var/lib/neo4j/conf/user-logs.xml'
2025-01-11 01:00:30.053+0000 INFO  Starting...
2025-01-11 01:00:31.128+0000 INFO  This instance is ServerId{ccdccad5} (ccdccad5-0d9b-4930-97d0-4082c6336358)
2025-01-11 01:00:32.474+0000 INFO  ======== Neo4j 5.25.1 ========
2025-01-11 01:00:38.270+0000 INFO  Anonymous Usage Data is being sent to Neo4j, see https://neo4j.com/docs/usage-data/
2025-01-11 01:00:38.333+0000 INFO  Bolt enabled on 0.0.0.0:7687.
2025-01-11 01:00:39.053+0000 INFO  HTTP enabled on 0.0.0.0:7474.
2025-01-11 01:00:39.055+0000 INFO  Remote interface available at http://localhost:7474/
2025-01-11 01:00:39.059+0000 INFO  id: A282AA28E95FA8FEF1A51BD0EEE83B6FA595C026697ACA86E37B565756F5CC6A
2025-01-11 01:00:39.061+0000 INFO  name: system
2025-01-11 01:00:39.062+0000 INFO  creationDate: 2024-11-09T00:16:40.413Z
2025-01-11 01:00:39.063+0000 INFO  Started.
2025-01-11 01:02:40.405+0000 INFO  Neo4j Server shutdown initiated by request
2025-01-11 01:02:40.413+0000 INFO  Stopping...
2025-01-11 01:04:14.663+0000 INFO  Logging config in use: File '/var/lib/neo4j/conf/user-logs.xml'
2025-01-11 01:04:14.712+0000 INFO  Starting...
2025-01-11 01:04:16.104+0000 INFO  This instance is ServerId{ccdccad5} (ccdccad5-0d9b-4930-97d0-4082c6336358)
2025-01-11 01:04:17.438+0000 INFO  ======== Neo4j 5.25.1 ========
2025-01-11 01:04:22.947+0000 INFO  Anonymous Usage Data is being sent to Neo4j, see https://neo4j.com/docs/usage-data/
2025-01-11 01:04:23.005+0000 INFO  Bolt enabled on 0.0.0.0:7687.
2025-01-11 01:04:23.745+0000 INFO  HTTP enabled on 0.0.0.0:7474.
2025-01-11 01:04:23.748+0000 INFO  Remote interface available at http://localhost:7474/
2025-01-11 01:04:23.752+0000 INFO  id: A282AA28E95FA8FEF1A51BD0EEE83B6FA595C026697ACA86E37B565756F5CC6A
2025-01-11 01:04:23.753+0000 INFO  name: system
2025-01-11 01:04:23.754+0000 INFO  creationDate: 2024-11-09T00:16:40.413Z
2025-01-11 01:04:23.756+0000 INFO  Started.
2025-01-11 01:05:30.796+0000 INFO  Neo4j Server shutdown initiated by request
2025-01-11 01:05:30.798+0000 INFO  Stopping...
2025-01-11 01:09:42.539+0000 INFO  Logging config in use: File '/var/lib/neo4j/conf/user-logs.xml'
2025-01-11 01:09:42.573+0000 INFO  Starting...
2025-01-11 01:09:43.564+0000 INFO  This instance is ServerId{ccdccad5} (ccdccad5-0d9b-4930-97d0-4082c6336358)
2025-01-11 01:09:44.844+0000 INFO  ======== Neo4j 5.25.1 ========
2025-01-11 01:09:50.729+0000 INFO  Anonymous Usage Data is being sent to Neo4j, see https://neo4j.com/docs/usage-data/
2025-01-11 01:09:50.780+0000 INFO  Bolt enabled on 0.0.0.0:7687.
2025-01-11 01:09:51.488+0000 INFO  HTTP enabled on 0.0.0.0:7474.
2025-01-11 01:09:51.489+0000 INFO  Remote interface available at http://localhost:7474/
2025-01-11 01:09:51.495+0000 INFO  id: A282AA28E95FA8FEF1A51BD0EEE83B6FA595C026697ACA86E37B565756F5CC6A
2025-01-11 01:09:51.496+0000 INFO  name: system
2025-01-11 01:09:51.497+0000 INFO  creationDate: 2024-11-09T00:16:40.413Z
2025-01-11 01:09:51.498+0000 INFO  Started.
2025-01-11 01:15:31.696+0000 INFO  Neo4j Server shutdown initiated by request
2025-01-11 01:15:31.702+0000 INFO  Stopping...
2025-01-11 01:16:22.255+0000 INFO  Logging config in use: File '/var/lib/neo4j/conf/user-logs.xml'
2025-01-11 01:16:22.287+0000 INFO  Starting...
2025-01-11 01:16:23.352+0000 INFO  This instance is ServerId{ccdccad5} (ccdccad5-0d9b-4930-97d0-4082c6336358)
2025-01-11 01:16:24.582+0000 INFO  ======== Neo4j 5.25.1 ========
2025-01-11 01:16:30.524+0000 INFO  Anonymous Usage Data is being sent to Neo4j, see https://neo4j.com/docs/usage-data/
2025-01-11 01:16:30.579+0000 INFO  Bolt enabled on 0.0.0.0:7687.
2025-01-11 01:16:31.313+0000 INFO  HTTP enabled on 0.0.0.0:7474.
2025-01-11 01:16:31.315+0000 INFO  Remote interface available at http://localhost:7474/
2025-01-11 01:16:31.322+0000 INFO  id: A282AA28E95FA8FEF1A51BD0EEE83B6FA595C026697ACA86E37B565756F5CC6A
2025-01-11 01:16:31.323+0000 INFO  name: system
2025-01-11 01:16:31.324+0000 INFO  creationDate: 2024-11-09T00:16:40.413Z
2025-01-11 01:16:31.326+0000 INFO  Started.
2025-01-11 01:17:05.468+0000 INFO  Neo4j Server shutdown initiated by request
2025-01-11 01:17:05.469+0000 INFO  Stopping...
2025-01-11 10:07:46.829+0000 INFO  Logging config in use: File '/var/lib/neo4j/conf/user-logs.xml'
2025-01-11 10:07:46.866+0000 INFO  Starting...
2025-01-11 10:07:47.865+0000 INFO  This instance is ServerId{ccdccad5} (ccdccad5-0d9b-4930-97d0-4082c6336358)
2025-01-11 10:07:49.135+0000 INFO  ======== Neo4j 5.25.1 ========
2025-01-11 10:07:54.562+0000 INFO  Anonymous Usage Data is being sent to Neo4j, see https://neo4j.com/docs/usage-data/
2025-01-11 10:07:54.619+0000 INFO  Bolt enabled on 0.0.0.0:7687.
2025-01-11 10:07:55.352+0000 INFO  HTTP enabled on 0.0.0.0:7474.
2025-01-11 10:07:55.354+0000 INFO  Remote interface available at http://localhost:7474/
2025-01-11 10:07:55.359+0000 INFO  id: A282AA28E95FA8FEF1A51BD0EEE83B6FA595C026697ACA86E37B565756F5CC6A
2025-01-11 10:07:55.360+0000 INFO  name: system
2025-01-11 10:07:55.361+0000 INFO  creationDate: 2024-11-09T00:16:40.413Z
2025-01-11 10:07:55.363+0000 INFO  Started.
2025-01-11 10:13:20.180+0000 INFO  Neo4j Server shutdown initiated by request
2025-01-11 10:13:20.182+0000 INFO  Stopping...
2025-01-11 10:29:28.602+0000 INFO  Logging config in use: File '/var/lib/neo4j/conf/user-logs.xml'
2025-01-11 10:29:28.666+0000 INFO  Starting...
2025-01-11 10:29:30.037+0000 INFO  This instance is ServerId{ccdccad5} (ccdccad5-0d9b-4930-97d0-4082c6336358)
2025-01-11 10:29:32.476+0000 INFO  ======== Neo4j 5.25.1 ========
2025-01-11 10:29:39.145+0000 INFO  Anonymous Usage Data is being sent to Neo4j, see https://neo4j.com/docs/usage-data/
2025-01-11 10:29:39.224+0000 INFO  Bolt enabled on 0.0.0.0:7687.
2025-01-11 10:29:40.163+0000 INFO  HTTP enabled on 0.0.0.0:7474.
2025-01-11 10:29:40.164+0000 INFO  Remote interface available at http://localhost:7474/
2025-01-11 10:29:40.170+0000 INFO  id: A282AA28E95FA8FEF1A51BD0EEE83B6FA595C026697ACA86E37B565756F5CC6A
2025-01-11 10:29:40.171+0000 INFO  name: system
2025-01-11 10:29:40.172+0000 INFO  creationDate: 2024-11-09T00:16:40.413Z
2025-01-11 10:29:40.173+0000 INFO  Started.
2025-01-11 10:47:17.963+0000 INFO  Neo4j Server shutdown initiated by request
2025-01-11 10:47:17.964+0000 INFO  Stopping...
2025-01-11 10:51:12.923+0000 INFO  Logging config in use: File '/var/lib/neo4j/conf/user-logs.xml'
2025-01-11 10:51:12.948+0000 INFO  Starting...
2025-01-11 10:51:14.310+0000 INFO  This instance is ServerId{ccdccad5} (ccdccad5-0d9b-4930-97d0-4082c6336358)
2025-01-11 10:51:15.807+0000 INFO  ======== Neo4j 5.25.1 ========
2025-01-11 10:51:21.448+0000 INFO  Anonymous Usage Data is being sent to Neo4j, see https://neo4j.com/docs/usage-data/
2025-01-11 10:51:21.498+0000 INFO  Bolt enabled on 0.0.0.0:7687.
2025-01-11 10:51:22.240+0000 INFO  HTTP enabled on 0.0.0.0:7474.
2025-01-11 10:51:22.242+0000 INFO  Remote interface available at http://localhost:7474/
2025-01-11 10:51:22.245+0000 INFO  id: A282AA28E95FA8FEF1A51BD0EEE83B6FA595C026697ACA86E37B565756F5CC6A
2025-01-11 10:51:22.246+0000 INFO  name: system
2025-01-11 10:51:22.247+0000 INFO  creationDate: 2024-11-09T00:16:40.413Z
2025-01-11 10:51:22.248+0000 INFO  Started.
2025-01-11 10:53:55.893+0000 INFO  Neo4j Server shutdown initiated by request
2025-01-11 10:53:55.894+0000 INFO  Stopping...
2025-01-11 10:55:27.734+0000 INFO  Logging config in use: File '/var/lib/neo4j/conf/user-logs.xml'
2025-01-11 10:55:27.758+0000 INFO  Starting...
2025-01-11 10:55:28.935+0000 INFO  This instance is ServerId{ccdccad5} (ccdccad5-0d9b-4930-97d0-4082c6336358)
2025-01-11 10:55:30.270+0000 INFO  ======== Neo4j 5.25.1 ========
2025-01-11 10:55:35.664+0000 INFO  Anonymous Usage Data is being sent to Neo4j, see https://neo4j.com/docs/usage-data/
2025-01-11 10:55:35.727+0000 INFO  Bolt enabled on 0.0.0.0:7687.
2025-01-11 10:55:36.493+0000 INFO  HTTP enabled on 0.0.0.0:7474.
2025-01-11 10:55:36.495+0000 INFO  Remote interface available at http://localhost:7474/
2025-01-11 10:55:36.500+0000 INFO  id: A282AA28E95FA8FEF1A51BD0EEE83B6FA595C026697ACA86E37B565756F5CC6A
2025-01-11 10:55:36.501+0000 INFO  name: system
2025-01-11 10:55:36.503+0000 INFO  creationDate: 2024-11-09T00:16:40.413Z
2025-01-11 10:55:36.504+0000 INFO  Started.
2025-01-11 11:01:33.831+0000 INFO  Neo4j Server shutdown initiated by request
2025-01-11 11:01:33.832+0000 INFO  Stopping...
2025-01-11 11:02:59.044+0000 INFO  Logging config in use: File '/var/lib/neo4j/conf/user-logs.xml'
2025-01-11 11:02:59.069+0000 INFO  Starting...
2025-01-11 11:03:00.209+0000 INFO  This instance is ServerId{ccdccad5} (ccdccad5-0d9b-4930-97d0-4082c6336358)
2025-01-11 11:03:02.574+0000 INFO  ======== Neo4j 5.25.1 ========
2025-01-11 11:03:08.156+0000 INFO  Anonymous Usage Data is being sent to Neo4j, see https://neo4j.com/docs/usage-data/
2025-01-11 11:03:08.224+0000 INFO  Bolt enabled on 0.0.0.0:7687.
2025-01-11 11:03:09.010+0000 INFO  HTTP enabled on 0.0.0.0:7474.
2025-01-11 11:03:09.013+0000 INFO  Remote interface available at http://localhost:7474/
2025-01-11 11:03:09.020+0000 INFO  id: A282AA28E95FA8FEF1A51BD0EEE83B6FA595C026697ACA86E37B565756F5CC6A
2025-01-11 11:03:09.022+0000 INFO  name: system
2025-01-11 11:03:09.024+0000 INFO  creationDate: 2024-11-09T00:16:40.413Z
2025-01-11 11:03:09.026+0000 INFO  Started.
2025-01-11 11:08:45.764+0000 INFO  Neo4j Server shutdown initiated by request
2025-01-11 11:08:45.779+0000 INFO  Stopping...
2025-01-11 11:19:08.348+0000 INFO  Logging config in use: File '/var/lib/neo4j/conf/user-logs.xml'
2025-01-11 11:19:08.387+0000 INFO  Starting...
2025-01-11 11:19:09.509+0000 INFO  This instance is ServerId{ccdccad5} (ccdccad5-0d9b-4930-97d0-4082c6336358)
2025-01-11 11:19:10.854+0000 INFO  ======== Neo4j 5.25.1 ========
2025-01-11 11:19:16.542+0000 INFO  Anonymous Usage Data is being sent to Neo4j, see https://neo4j.com/docs/usage-data/
2025-01-11 11:19:16.604+0000 INFO  Bolt enabled on 0.0.0.0:7687.
2025-01-11 11:19:17.354+0000 INFO  HTTP enabled on 0.0.0.0:7474.
2025-01-11 11:19:17.356+0000 INFO  Remote interface available at http://localhost:7474/
2025-01-11 11:19:17.361+0000 INFO  id: A282AA28E95FA8FEF1A51BD0EEE83B6FA595C026697ACA86E37B565756F5CC6A
2025-01-11 11:19:17.362+0000 INFO  name: system
2025-01-11 11:19:17.363+0000 INFO  creationDate: 2024-11-09T00:16:40.413Z
2025-01-11 11:19:17.365+0000 INFO  Started.
2025-01-11 11:23:36.976+0000 INFO  Neo4j Server shutdown initiated by request
2025-01-11 11:23:36.978+0000 INFO  Stopping...
2025-01-11 11:25:35.793+0000 INFO  Logging config in use: File '/var/lib/neo4j/conf/user-logs.xml'
2025-01-11 11:25:35.819+0000 INFO  Starting...
2025-01-11 11:25:37.216+0000 INFO  This instance is ServerId{ccdccad5} (ccdccad5-0d9b-4930-97d0-4082c6336358)
2025-01-11 11:25:38.731+0000 INFO  ======== Neo4j 5.25.1 ========
2025-01-11 11:25:44.443+0000 INFO  Anonymous Usage Data is being sent to Neo4j, see https://neo4j.com/docs/usage-data/
2025-01-11 11:25:44.501+0000 INFO  Bolt enabled on 0.0.0.0:7687.
2025-01-11 11:25:45.271+0000 INFO  HTTP enabled on 0.0.0.0:7474.
2025-01-11 11:25:45.273+0000 INFO  Remote interface available at http://localhost:7474/
2025-01-11 11:25:45.277+0000 INFO  id: A282AA28E95FA8FEF1A51BD0EEE83B6FA595C026697ACA86E37B565756F5CC6A
2025-01-11 11:25:45.278+0000 INFO  name: system
2025-01-11 11:25:45.279+0000 INFO  creationDate: 2024-11-09T00:16:40.413Z
2025-01-11 11:25:45.280+0000 INFO  Started.
2025-01-11 11:28:21.688+0000 INFO  Neo4j Server shutdown initiated by request
2025-01-11 11:28:21.691+0000 INFO  Stopping...
2025-01-11 12:39:44.197+0000 INFO  Logging config in use: File '/var/lib/neo4j/conf/user-logs.xml'
2025-01-11 12:39:44.245+0000 INFO  Starting...
2025-01-11 12:39:45.428+0000 INFO  This instance is ServerId{ccdccad5} (ccdccad5-0d9b-4930-97d0-4082c6336358)
2025-01-11 12:39:47.088+0000 INFO  ======== Neo4j 5.25.1 ========
2025-01-11 12:40:18.058+0000 INFO  Anonymous Usage Data is being sent to Neo4j, see https://neo4j.com/docs/usage-data/
2025-01-11 12:40:18.112+0000 INFO  Bolt enabled on 0.0.0.0:7687.
2025-01-11 12:40:18.760+0000 INFO  HTTP enabled on 0.0.0.0:7474.
2025-01-11 12:40:18.762+0000 INFO  Remote interface available at http://localhost:7474/
2025-01-11 12:40:18.766+0000 INFO  id: A282AA28E95FA8FEF1A51BD0EEE83B6FA595C026697ACA86E37B565756F5CC6A
2025-01-11 12:40:18.768+0000 INFO  name: system
2025-01-11 12:40:18.768+0000 INFO  creationDate: 2024-11-09T00:16:40.413Z
2025-01-11 12:40:18.769+0000 INFO  Started.
2025-01-11 12:42:23.998+0000 INFO  Neo4j Server shutdown initiated by request
2025-01-11 12:42:24.000+0000 INFO  Stopping...
2025-01-11 12:56:58.698+0000 INFO  Logging config in use: File '/var/lib/neo4j/conf/user-logs.xml'
2025-01-11 12:56:58.733+0000 INFO  Starting...
2025-01-11 12:57:00.017+0000 INFO  This instance is ServerId{ccdccad5} (ccdccad5-0d9b-4930-97d0-4082c6336358)
2025-01-11 12:57:01.443+0000 INFO  ======== Neo4j 5.25.1 ========
2025-01-11 12:57:07.048+0000 INFO  Anonymous Usage Data is being sent to Neo4j, see https://neo4j.com/docs/usage-data/
2025-01-11 12:57:07.113+0000 INFO  Bolt enabled on 0.0.0.0:7687.
2025-01-11 12:57:07.878+0000 INFO  HTTP enabled on 0.0.0.0:7474.
2025-01-11 12:57:07.880+0000 INFO  Remote interface available at http://localhost:7474/
2025-01-11 12:57:07.885+0000 INFO  id: A282AA28E95FA8FEF1A51BD0EEE83B6FA595C026697ACA86E37B565756F5CC6A
2025-01-11 12:57:07.886+0000 INFO  name: system
2025-01-11 12:57:07.887+0000 INFO  creationDate: 2024-11-09T00:16:40.413Z
2025-01-11 12:57:07.888+0000 INFO  Started.
2025-01-11 13:05:44.504+0000 INFO  Neo4j Server shutdown initiated by request
2025-01-11 13:05:44.506+0000 INFO  Stopping...
2025-01-11 13:06:48.956+0000 INFO  Logging config in use: File '/var/lib/neo4j/conf/user-logs.xml'
2025-01-11 13:06:48.987+0000 INFO  Starting...
2025-01-11 13:06:50.059+0000 INFO  This instance is ServerId{ccdccad5} (ccdccad5-0d9b-4930-97d0-4082c6336358)
2025-01-11 13:06:51.334+0000 INFO  ======== Neo4j 5.25.1 ========
2025-01-11 13:06:56.631+0000 INFO  Anonymous Usage Data is being sent to Neo4j, see https://neo4j.com/docs/usage-data/
2025-01-11 13:06:56.694+0000 INFO  Bolt enabled on 0.0.0.0:7687.
2025-01-11 13:06:57.451+0000 INFO  HTTP enabled on 0.0.0.0:7474.
2025-01-11 13:06:57.454+0000 INFO  Remote interface available at http://localhost:7474/
2025-01-11 13:06:57.460+0000 INFO  id: A282AA28E95FA8FEF1A51BD0EEE83B6FA595C026697ACA86E37B565756F5CC6A
2025-01-11 13:06:57.462+0000 INFO  name: system
2025-01-11 13:06:57.464+0000 INFO  creationDate: 2024-11-09T00:16:40.413Z
2025-01-11 13:06:57.465+0000 INFO  Started.
2025-01-11 13:09:16.381+0000 INFO  Neo4j Server shutdown initiated by request
2025-01-11 13:09:16.382+0000 INFO  Stopping...
2025-01-11 13:10:07.951+0000 INFO  Logging config in use: File '/var/lib/neo4j/conf/user-logs.xml'
2025-01-11 13:10:07.975+0000 INFO  Starting...
2025-01-11 13:10:09.223+0000 INFO  This instance is ServerId{ccdccad5} (ccdccad5-0d9b-4930-97d0-4082c6336358)
2025-01-11 13:10:10.615+0000 INFO  ======== Neo4j 5.25.1 ========
2025-01-11 13:10:16.102+0000 INFO  Anonymous Usage Data is being sent to Neo4j, see https://neo4j.com/docs/usage-data/
2025-01-11 13:10:16.154+0000 INFO  Bolt enabled on 0.0.0.0:7687.
2025-01-11 13:10:16.911+0000 INFO  HTTP enabled on 0.0.0.0:7474.
2025-01-11 13:10:16.913+0000 INFO  Remote interface available at http://localhost:7474/
2025-01-11 13:10:16.918+0000 INFO  id: A282AA28E95FA8FEF1A51BD0EEE83B6FA595C026697ACA86E37B565756F5CC6A
2025-01-11 13:10:16.920+0000 INFO  name: system
2025-01-11 13:10:16.921+0000 INFO  creationDate: 2024-11-09T00:16:40.413Z
2025-01-11 13:10:16.921+0000 INFO  Started.
2025-01-11 13:19:12.043+0000 INFO  Neo4j Server shutdown initiated by request
2025-01-11 13:19:12.045+0000 INFO  Stopping...
2025-01-11 13:21:56.000+0000 INFO  Logging config in use: File '/var/lib/neo4j/conf/user-logs.xml'
2025-01-11 13:21:56.058+0000 INFO  Starting...
2025-01-11 13:21:57.350+0000 INFO  This instance is ServerId{ccdccad5} (ccdccad5-0d9b-4930-97d0-4082c6336358)
2025-01-11 13:21:59.268+0000 INFO  ======== Neo4j 5.25.1 ========
2025-01-11 13:22:08.528+0000 INFO  Anonymous Usage Data is being sent to Neo4j, see https://neo4j.com/docs/usage-data/
2025-01-11 13:22:08.913+0000 INFO  Bolt enabled on 0.0.0.0:7687.
2025-01-11 13:22:10.423+0000 INFO  HTTP enabled on 0.0.0.0:7474.
2025-01-11 13:22:10.425+0000 INFO  Remote interface available at http://localhost:7474/
2025-01-11 13:22:10.429+0000 INFO  id: A282AA28E95FA8FEF1A51BD0EEE83B6FA595C026697ACA86E37B565756F5CC6A
2025-01-11 13:22:10.431+0000 INFO  name: system
2025-01-11 13:22:10.432+0000 INFO  creationDate: 2024-11-09T00:16:40.413Z
2025-01-11 13:22:10.433+0000 INFO  Started.
2025-01-11 13:24:32.313+0000 INFO  Neo4j Server shutdown initiated by request
2025-01-11 13:24:32.419+0000 INFO  Stopping...
2025-01-11 13:26:12.886+0000 INFO  Logging config in use: File '/var/lib/neo4j/conf/user-logs.xml'
2025-01-11 13:26:12.918+0000 INFO  Starting...
2025-01-11 13:26:13.857+0000 INFO  This instance is ServerId{ccdccad5} (ccdccad5-0d9b-4930-97d0-4082c6336358)
2025-01-11 13:26:15.101+0000 INFO  ======== Neo4j 5.25.1 ========
2025-01-11 13:26:20.281+0000 INFO  Anonymous Usage Data is being sent to Neo4j, see https://neo4j.com/docs/usage-data/
2025-01-11 13:26:20.334+0000 INFO  Bolt enabled on 0.0.0.0:7687.
2025-01-11 13:26:21.032+0000 INFO  HTTP enabled on 0.0.0.0:7474.
2025-01-11 13:26:21.034+0000 INFO  Remote interface available at http://localhost:7474/
2025-01-11 13:26:21.038+0000 INFO  id: A282AA28E95FA8FEF1A51BD0EEE83B6FA595C026697ACA86E37B565756F5CC6A
2025-01-11 13:26:21.040+0000 INFO  name: system
2025-01-11 13:26:21.041+0000 INFO  creationDate: 2024-11-09T00:16:40.413Z
2025-01-11 13:26:21.042+0000 INFO  Started.
2025-01-11 13:35:51.172+0000 INFO  Neo4j Server shutdown initiated by request
2025-01-11 13:35:51.173+0000 INFO  Stopping...
2025-01-11 13:37:06.790+0000 INFO  Logging config in use: File '/var/lib/neo4j/conf/user-logs.xml'
2025-01-11 13:37:06.827+0000 INFO  Starting...
2025-01-11 13:37:07.985+0000 INFO  This instance is ServerId{ccdccad5} (ccdccad5-0d9b-4930-97d0-4082c6336358)
2025-01-11 13:37:09.497+0000 INFO  ======== Neo4j 5.25.1 ========
2025-01-11 13:37:15.585+0000 INFO  Anonymous Usage Data is being sent to Neo4j, see https://neo4j.com/docs/usage-data/
2025-01-11 13:37:15.701+0000 INFO  Bolt enabled on 0.0.0.0:7687.
2025-01-11 13:37:16.817+0000 INFO  HTTP enabled on 0.0.0.0:7474.
2025-01-11 13:37:16.820+0000 INFO  Remote interface available at http://localhost:7474/
2025-01-11 13:37:16.826+0000 INFO  id: A282AA28E95FA8FEF1A51BD0EEE83B6FA595C026697ACA86E37B565756F5CC6A
2025-01-11 13:37:16.828+0000 INFO  name: system
2025-01-11 13:37:16.829+0000 INFO  creationDate: 2024-11-09T00:16:40.413Z
2025-01-11 13:37:16.832+0000 INFO  Started.
2025-01-11 13:39:08.325+0000 INFO  Neo4j Server shutdown initiated by request
2025-01-11 13:39:08.325+0000 INFO  Stopping...
2025-01-11 13:39:58.696+0000 INFO  Logging config in use: File '/var/lib/neo4j/conf/user-logs.xml'
2025-01-11 13:39:58.733+0000 INFO  Starting...
2025-01-11 13:39:59.840+0000 INFO  This instance is ServerId{ccdccad5} (ccdccad5-0d9b-4930-97d0-4082c6336358)
2025-01-11 13:40:01.689+0000 INFO  ======== Neo4j 5.25.1 ========
2025-01-11 13:40:11.249+0000 INFO  Anonymous Usage Data is being sent to Neo4j, see https://neo4j.com/docs/usage-data/
2025-01-11 13:40:12.719+0000 INFO  Bolt enabled on 0.0.0.0:7687.
2025-01-11 13:40:19.122+0000 INFO  HTTP enabled on 0.0.0.0:7474.
2025-01-11 13:40:19.124+0000 INFO  Remote interface available at http://localhost:7474/
2025-01-11 13:40:19.130+0000 INFO  id: A282AA28E95FA8FEF1A51BD0EEE83B6FA595C026697ACA86E37B565756F5CC6A
2025-01-11 13:40:19.132+0000 INFO  name: system
2025-01-11 13:40:19.133+0000 INFO  creationDate: 2024-11-09T00:16:40.413Z
2025-01-11 13:40:19.134+0000 INFO  Started.
2025-01-11 13:41:55.285+0000 INFO  Neo4j Server shutdown initiated by request
2025-01-11 13:41:55.286+0000 INFO  Stopping...
2025-01-11 15:44:07.025+0000 INFO  Logging config in use: File '/var/lib/neo4j/conf/user-logs.xml'
2025-01-11 15:44:07.068+0000 INFO  Starting...
2025-01-11 15:44:08.270+0000 INFO  This instance is ServerId{ccdccad5} (ccdccad5-0d9b-4930-97d0-4082c6336358)
2025-01-11 15:44:09.746+0000 INFO  ======== Neo4j 5.25.1 ========
2025-01-11 15:44:15.570+0000 INFO  Anonymous Usage Data is being sent to Neo4j, see https://neo4j.com/docs/usage-data/
2025-01-11 15:44:15.632+0000 INFO  Bolt enabled on 0.0.0.0:7687.
2025-01-11 15:44:16.378+0000 INFO  HTTP enabled on 0.0.0.0:7474.
2025-01-11 15:44:16.379+0000 INFO  Remote interface available at http://localhost:7474/
2025-01-11 15:44:16.384+0000 INFO  id: A282AA28E95FA8FEF1A51BD0EEE83B6FA595C026697ACA86E37B565756F5CC6A
2025-01-11 15:44:16.385+0000 INFO  name: system
2025-01-11 15:44:16.386+0000 INFO  creationDate: 2024-11-09T00:16:40.413Z
2025-01-11 15:44:16.388+0000 INFO  Started.
2025-01-11 15:51:54.262+0000 INFO  Neo4j Server shutdown initiated by request
2025-01-11 15:51:54.264+0000 INFO  Stopping...
2025-01-11 15:56:09.645+0000 INFO  Logging config in use: File '/var/lib/neo4j/conf/user-logs.xml'
2025-01-11 15:56:09.682+0000 INFO  Starting...
2025-01-11 15:56:10.811+0000 INFO  This instance is ServerId{ccdccad5} (ccdccad5-0d9b-4930-97d0-4082c6336358)
2025-01-11 15:56:12.326+0000 INFO  ======== Neo4j 5.25.1 ========
2025-01-11 15:56:18.201+0000 INFO  Anonymous Usage Data is being sent to Neo4j, see https://neo4j.com/docs/usage-data/
2025-01-11 15:56:18.270+0000 INFO  Bolt enabled on 0.0.0.0:7687.
2025-01-11 15:56:19.085+0000 INFO  HTTP enabled on 0.0.0.0:7474.
2025-01-11 15:56:19.086+0000 INFO  Remote interface available at http://localhost:7474/
2025-01-11 15:56:19.091+0000 INFO  id: A282AA28E95FA8FEF1A51BD0EEE83B6FA595C026697ACA86E37B565756F5CC6A
2025-01-11 15:56:19.092+0000 INFO  name: system
2025-01-11 15:56:19.094+0000 INFO  creationDate: 2024-11-09T00:16:40.413Z
2025-01-11 15:56:19.095+0000 INFO  Started.
2025-01-11 16:01:09.147+0000 INFO  Neo4j Server shutdown initiated by request
2025-01-11 16:01:09.151+0000 INFO  Stopping...
2025-01-11 16:16:24.925+0000 INFO  Logging config in use: File '/var/lib/neo4j/conf/user-logs.xml'
2025-01-11 16:16:24.986+0000 INFO  Starting...
2025-01-11 16:16:26.264+0000 INFO  This instance is ServerId{ccdccad5} (ccdccad5-0d9b-4930-97d0-4082c6336358)
2025-01-11 16:16:27.870+0000 INFO  ======== Neo4j 5.25.1 ========
2025-01-11 16:16:34.058+0000 INFO  Anonymous Usage Data is being sent to Neo4j, see https://neo4j.com/docs/usage-data/
2025-01-11 16:16:34.115+0000 INFO  Bolt enabled on 0.0.0.0:7687.
2025-01-11 16:16:34.934+0000 INFO  HTTP enabled on 0.0.0.0:7474.
2025-01-11 16:16:34.936+0000 INFO  Remote interface available at http://localhost:7474/
2025-01-11 16:16:34.941+0000 INFO  id: A282AA28E95FA8FEF1A51BD0EEE83B6FA595C026697ACA86E37B565756F5CC6A
2025-01-11 16:16:34.942+0000 INFO  name: system
2025-01-11 16:16:34.944+0000 INFO  creationDate: 2024-11-09T00:16:40.413Z
2025-01-11 16:16:34.946+0000 INFO  Started.
2025-01-11 16:30:18.466+0000 INFO  Neo4j Server shutdown initiated by request
2025-01-11 16:30:18.470+0000 INFO  Stopping...
2025-01-11 16:32:41.718+0000 INFO  Logging config in use: File '/var/lib/neo4j/conf/user-logs.xml'
2025-01-11 16:32:41.777+0000 INFO  Starting...
2025-01-11 16:32:43.222+0000 INFO  This instance is ServerId{ccdccad5} (ccdccad5-0d9b-4930-97d0-4082c6336358)
2025-01-11 16:32:44.735+0000 INFO  ======== Neo4j 5.25.1 ========
2025-01-11 16:32:50.009+0000 INFO  Anonymous Usage Data is being sent to Neo4j, see https://neo4j.com/docs/usage-data/
2025-01-11 16:32:50.072+0000 INFO  Bolt enabled on 0.0.0.0:7687.
2025-01-11 16:32:50.827+0000 INFO  HTTP enabled on 0.0.0.0:7474.
2025-01-11 16:32:50.829+0000 INFO  Remote interface available at http://localhost:7474/
2025-01-11 16:32:50.833+0000 INFO  id: A282AA28E95FA8FEF1A51BD0EEE83B6FA595C026697ACA86E37B565756F5CC6A
2025-01-11 16:32:50.834+0000 INFO  name: system
2025-01-11 16:32:50.835+0000 INFO  creationDate: 2024-11-09T00:16:40.413Z
2025-01-11 16:32:50.836+0000 INFO  Started.
2025-01-11 16:38:21.408+0000 INFO  Neo4j Server shutdown initiated by request
2025-01-11 16:38:21.410+0000 INFO  Stopping...
2025-01-11 16:55:51.617+0000 INFO  Logging config in use: File '/var/lib/neo4j/conf/user-logs.xml'
2025-01-11 16:55:51.657+0000 INFO  Starting...
2025-01-11 16:55:52.917+0000 INFO  This instance is ServerId{ccdccad5} (ccdccad5-0d9b-4930-97d0-4082c6336358)
2025-01-11 16:55:54.514+0000 INFO  ======== Neo4j 5.25.1 ========
2025-01-11 16:56:01.993+0000 INFO  Anonymous Usage Data is being sent to Neo4j, see https://neo4j.com/docs/usage-data/
2025-01-11 16:56:02.069+0000 INFO  Bolt enabled on 0.0.0.0:7687.
2025-01-11 16:56:02.810+0000 INFO  HTTP enabled on 0.0.0.0:7474.
2025-01-11 16:56:02.812+0000 INFO  Remote interface available at http://localhost:7474/
2025-01-11 16:56:02.818+0000 INFO  id: A282AA28E95FA8FEF1A51BD0EEE83B6FA595C026697ACA86E37B565756F5CC6A
2025-01-11 16:56:02.819+0000 INFO  name: system
2025-01-11 16:56:02.821+0000 INFO  creationDate: 2024-11-09T00:16:40.413Z
2025-01-11 16:56:02.822+0000 INFO  Started.
2025-01-11 16:57:06.954+0000 INFO  Neo4j Server shutdown initiated by request
2025-01-11 16:57:06.955+0000 INFO  Stopping...
2025-01-11 18:12:55.430+0000 INFO  Logging config in use: File '/var/lib/neo4j/conf/user-logs.xml'
2025-01-11 18:12:55.476+0000 INFO  Starting...
2025-01-11 18:12:56.661+0000 INFO  This instance is ServerId{ccdccad5} (ccdccad5-0d9b-4930-97d0-4082c6336358)
2025-01-11 18:12:59.141+0000 INFO  ======== Neo4j 5.25.1 ========
2025-01-11 18:13:15.406+0000 INFO  Anonymous Usage Data is being sent to Neo4j, see https://neo4j.com/docs/usage-data/
2025-01-11 18:13:15.464+0000 INFO  Bolt enabled on 0.0.0.0:7687.
2025-01-11 18:13:16.358+0000 INFO  HTTP enabled on 0.0.0.0:7474.
2025-01-11 18:13:16.360+0000 INFO  Remote interface available at http://localhost:7474/
2025-01-11 18:13:16.366+0000 INFO  id: A282AA28E95FA8FEF1A51BD0EEE83B6FA595C026697ACA86E37B565756F5CC6A
2025-01-11 18:13:16.368+0000 INFO  name: system
2025-01-11 18:13:16.370+0000 INFO  creationDate: 2024-11-09T00:16:40.413Z
2025-01-11 18:13:16.372+0000 INFO  Started.
2025-01-11 18:22:12.993+0000 INFO  Neo4j Server shutdown initiated by request
2025-01-11 18:22:13.005+0000 INFO  Stopping...
2025-01-11 18:23:23.979+0000 INFO  Logging config in use: File '/var/lib/neo4j/conf/user-logs.xml'
2025-01-11 18:23:24.063+0000 INFO  Starting...
2025-01-11 18:23:25.530+0000 INFO  This instance is ServerId{ccdccad5} (ccdccad5-0d9b-4930-97d0-4082c6336358)
2025-01-11 18:23:27.103+0000 INFO  ======== Neo4j 5.25.1 ========
2025-01-11 18:23:32.890+0000 INFO  Anonymous Usage Data is being sent to Neo4j, see https://neo4j.com/docs/usage-data/
2025-01-11 18:23:32.951+0000 INFO  Bolt enabled on 0.0.0.0:7687.
2025-01-11 18:23:33.718+0000 INFO  HTTP enabled on 0.0.0.0:7474.
2025-01-11 18:23:33.720+0000 INFO  Remote interface available at http://localhost:7474/
2025-01-11 18:23:33.725+0000 INFO  id: A282AA28E95FA8FEF1A51BD0EEE83B6FA595C026697ACA86E37B565756F5CC6A
2025-01-11 18:23:33.726+0000 INFO  name: system
2025-01-11 18:23:33.727+0000 INFO  creationDate: 2024-11-09T00:16:40.413Z
2025-01-11 18:23:33.729+0000 INFO  Started.
2025-01-11 18:28:55.402+0000 INFO  Neo4j Server shutdown initiated by request
2025-01-11 18:28:55.403+0000 INFO  Stopping...
2025-01-11 18:30:06.168+0000 INFO  Logging config in use: File '/var/lib/neo4j/conf/user-logs.xml'
2025-01-11 18:30:06.218+0000 INFO  Starting...
2025-01-11 18:30:07.677+0000 INFO  This instance is ServerId{ccdccad5} (ccdccad5-0d9b-4930-97d0-4082c6336358)
2025-01-11 18:30:09.361+0000 INFO  ======== Neo4j 5.25.1 ========
2025-01-11 18:30:15.285+0000 INFO  Anonymous Usage Data is being sent to Neo4j, see https://neo4j.com/docs/usage-data/
2025-01-11 18:30:15.356+0000 INFO  Bolt enabled on 0.0.0.0:7687.
2025-01-11 18:30:17.169+0000 INFO  HTTP enabled on 0.0.0.0:7474.
2025-01-11 18:30:17.171+0000 INFO  Remote interface available at http://localhost:7474/
2025-01-11 18:30:17.177+0000 INFO  id: A282AA28E95FA8FEF1A51BD0EEE83B6FA595C026697ACA86E37B565756F5CC6A
2025-01-11 18:30:17.178+0000 INFO  name: system
2025-01-11 18:30:17.179+0000 INFO  creationDate: 2024-11-09T00:16:40.413Z
2025-01-11 18:30:17.181+0000 INFO  Started.
2025-01-11 18:42:09.430+0000 INFO  Neo4j Server shutdown initiated by request
2025-01-11 18:42:09.431+0000 INFO  Stopping...
2025-01-11 18:42:56.584+0000 INFO  Logging config in use: File '/var/lib/neo4j/conf/user-logs.xml'
2025-01-11 18:42:56.624+0000 INFO  Starting...
2025-01-11 18:42:57.687+0000 INFO  This instance is ServerId{ccdccad5} (ccdccad5-0d9b-4930-97d0-4082c6336358)
2025-01-11 18:42:59.092+0000 INFO  ======== Neo4j 5.25.1 ========
2025-01-11 18:43:05.168+0000 INFO  Anonymous Usage Data is being sent to Neo4j, see https://neo4j.com/docs/usage-data/
2025-01-11 18:43:05.226+0000 INFO  Bolt enabled on 0.0.0.0:7687.
2025-01-11 18:43:05.999+0000 INFO  HTTP enabled on 0.0.0.0:7474.
2025-01-11 18:43:06.001+0000 INFO  Remote interface available at http://localhost:7474/
2025-01-11 18:43:06.006+0000 INFO  id: A282AA28E95FA8FEF1A51BD0EEE83B6FA595C026697ACA86E37B565756F5CC6A
2025-01-11 18:43:06.009+0000 INFO  name: system
2025-01-11 18:43:06.011+0000 INFO  creationDate: 2024-11-09T00:16:40.413Z
2025-01-11 18:43:06.012+0000 INFO  Started.
2025-01-11 18:51:43.999+0000 INFO  Neo4j Server shutdown initiated by request
2025-01-11 18:51:44.001+0000 INFO  Stopping...
2025-01-11 18:54:38.700+0000 INFO  Logging config in use: File '/var/lib/neo4j/conf/user-logs.xml'
2025-01-11 18:54:38.742+0000 INFO  Starting...
2025-01-11 18:54:40.016+0000 INFO  This instance is ServerId{ccdccad5} (ccdccad5-0d9b-4930-97d0-4082c6336358)
2025-01-11 18:54:41.503+0000 INFO  ======== Neo4j 5.25.1 ========
2025-01-11 18:54:47.763+0000 INFO  Anonymous Usage Data is being sent to Neo4j, see https://neo4j.com/docs/usage-data/
2025-01-11 18:54:47.832+0000 INFO  Bolt enabled on 0.0.0.0:7687.
2025-01-11 18:54:48.737+0000 INFO  HTTP enabled on 0.0.0.0:7474.
2025-01-11 18:54:48.739+0000 INFO  Remote interface available at http://localhost:7474/
2025-01-11 18:54:48.748+0000 INFO  id: A282AA28E95FA8FEF1A51BD0EEE83B6FA595C026697ACA86E37B565756F5CC6A
2025-01-11 18:54:48.750+0000 INFO  name: system
2025-01-11 18:54:48.752+0000 INFO  creationDate: 2024-11-09T00:16:40.413Z
2025-01-11 18:54:48.754+0000 INFO  Started.
2025-01-11 18:58:25.311+0000 INFO  Neo4j Server shutdown initiated by request
2025-01-11 18:58:25.318+0000 INFO  Stopping...
2025-01-11 19:00:02.352+0000 INFO  Logging config in use: File '/var/lib/neo4j/conf/user-logs.xml'
2025-01-11 19:00:02.395+0000 INFO  Starting...
2025-01-11 19:00:03.515+0000 INFO  This instance is ServerId{ccdccad5} (ccdccad5-0d9b-4930-97d0-4082c6336358)
2025-01-11 19:00:05.090+0000 INFO  ======== Neo4j 5.25.1 ========
2025-01-11 19:00:11.151+0000 INFO  Anonymous Usage Data is being sent to Neo4j, see https://neo4j.com/docs/usage-data/
2025-01-11 19:00:11.216+0000 INFO  Bolt enabled on 0.0.0.0:7687.
2025-01-11 19:00:11.916+0000 INFO  HTTP enabled on 0.0.0.0:7474.
2025-01-11 19:00:11.917+0000 INFO  Remote interface available at http://localhost:7474/
2025-01-11 19:00:11.922+0000 INFO  id: A282AA28E95FA8FEF1A51BD0EEE83B6FA595C026697ACA86E37B565756F5CC6A
2025-01-11 19:00:11.923+0000 INFO  name: system
2025-01-11 19:00:11.924+0000 INFO  creationDate: 2024-11-09T00:16:40.413Z
2025-01-11 19:00:11.925+0000 INFO  Started.
2025-01-11 19:19:13.706+0000 INFO  Neo4j Server shutdown initiated by request
2025-01-11 19:19:13.707+0000 INFO  Stopping...
2025-01-11 22:55:34.168+0000 INFO  Logging config in use: File '/var/lib/neo4j/conf/user-logs.xml'
2025-01-11 22:55:34.210+0000 INFO  Starting...
2025-01-11 22:55:35.301+0000 INFO  This instance is ServerId{ccdccad5} (ccdccad5-0d9b-4930-97d0-4082c6336358)
2025-01-11 22:55:36.670+0000 INFO  ======== Neo4j 5.25.1 ========
2025-01-11 22:55:42.870+0000 INFO  Anonymous Usage Data is being sent to Neo4j, see https://neo4j.com/docs/usage-data/
2025-01-11 22:55:42.927+0000 INFO  Bolt enabled on 0.0.0.0:7687.
2025-01-11 22:55:43.657+0000 INFO  HTTP enabled on 0.0.0.0:7474.
2025-01-11 22:55:43.659+0000 INFO  Remote interface available at http://localhost:7474/
2025-01-11 22:55:43.663+0000 INFO  id: A282AA28E95FA8FEF1A51BD0EEE83B6FA595C026697ACA86E37B565756F5CC6A
2025-01-11 22:55:43.664+0000 INFO  name: system
2025-01-11 22:55:43.665+0000 INFO  creationDate: 2024-11-09T00:16:40.413Z
2025-01-11 22:55:43.666+0000 INFO  Started.
2025-01-11 22:57:24.700+0000 INFO  Neo4j Server shutdown initiated by request
2025-01-11 22:57:24.701+0000 INFO  Stopping...
2025-01-11 22:59:34.852+0000 INFO  Logging config in use: File '/var/lib/neo4j/conf/user-logs.xml'
2025-01-11 22:59:34.890+0000 INFO  Starting...
2025-01-11 22:59:36.039+0000 INFO  This instance is ServerId{ccdccad5} (ccdccad5-0d9b-4930-97d0-4082c6336358)
2025-01-11 22:59:37.436+0000 INFO  ======== Neo4j 5.25.1 ========
2025-01-11 22:59:42.879+0000 INFO  Anonymous Usage Data is being sent to Neo4j, see https://neo4j.com/docs/usage-data/
2025-01-11 22:59:42.935+0000 INFO  Bolt enabled on 0.0.0.0:7687.
2025-01-11 22:59:43.706+0000 INFO  HTTP enabled on 0.0.0.0:7474.
2025-01-11 22:59:43.708+0000 INFO  Remote interface available at http://localhost:7474/
2025-01-11 22:59:43.713+0000 INFO  id: A282AA28E95FA8FEF1A51BD0EEE83B6FA595C026697ACA86E37B565756F5CC6A
2025-01-11 22:59:43.714+0000 INFO  name: system
2025-01-11 22:59:43.715+0000 INFO  creationDate: 2024-11-09T00:16:40.413Z
2025-01-11 22:59:43.716+0000 INFO  Started.
2025-01-11 23:07:51.918+0000 INFO  Neo4j Server shutdown initiated by request
2025-01-11 23:07:51.922+0000 INFO  Stopping...
2025-01-11 23:10:06.698+0000 INFO  Logging config in use: File '/var/lib/neo4j/conf/user-logs.xml'
2025-01-11 23:10:06.756+0000 INFO  Starting...
2025-01-11 23:10:08.467+0000 INFO  This instance is ServerId{ccdccad5} (ccdccad5-0d9b-4930-97d0-4082c6336358)
2025-01-11 23:10:10.238+0000 INFO  ======== Neo4j 5.25.1 ========
2025-01-11 23:10:16.545+0000 INFO  Anonymous Usage Data is being sent to Neo4j, see https://neo4j.com/docs/usage-data/
2025-01-11 23:10:16.637+0000 INFO  Bolt enabled on 0.0.0.0:7687.
2025-01-11 23:10:20.826+0000 INFO  HTTP enabled on 0.0.0.0:7474.
2025-01-11 23:10:20.828+0000 INFO  Remote interface available at http://localhost:7474/
2025-01-11 23:10:20.834+0000 INFO  id: A282AA28E95FA8FEF1A51BD0EEE83B6FA595C026697ACA86E37B565756F5CC6A
2025-01-11 23:10:20.836+0000 INFO  name: system
2025-01-11 23:10:20.837+0000 INFO  creationDate: 2024-11-09T00:16:40.413Z
2025-01-11 23:10:20.838+0000 INFO  Started.
2025-01-11 23:16:53.405+0000 INFO  Neo4j Server shutdown initiated by request
2025-01-11 23:16:53.406+0000 INFO  Stopping...
2025-01-11 23:19:45.549+0000 INFO  Logging config in use: File '/var/lib/neo4j/conf/user-logs.xml'
2025-01-11 23:19:45.594+0000 INFO  Starting...
2025-01-11 23:19:47.140+0000 INFO  This instance is ServerId{ccdccad5} (ccdccad5-0d9b-4930-97d0-4082c6336358)
2025-01-11 23:19:48.555+0000 INFO  ======== Neo4j 5.25.1 ========
2025-01-11 23:19:54.133+0000 INFO  Anonymous Usage Data is being sent to Neo4j, see https://neo4j.com/docs/usage-data/
2025-01-11 23:19:54.189+0000 INFO  Bolt enabled on 0.0.0.0:7687.
2025-01-11 23:19:55.024+0000 INFO  HTTP enabled on 0.0.0.0:7474.
2025-01-11 23:19:55.026+0000 INFO  Remote interface available at http://localhost:7474/
2025-01-11 23:19:55.030+0000 INFO  id: A282AA28E95FA8FEF1A51BD0EEE83B6FA595C026697ACA86E37B565756F5CC6A
2025-01-11 23:19:55.031+0000 INFO  name: system
2025-01-11 23:19:55.032+0000 INFO  creationDate: 2024-11-09T00:16:40.413Z
2025-01-11 23:19:55.033+0000 INFO  Started.
2025-01-11 23:23:05.183+0000 INFO  Neo4j Server shutdown initiated by request
2025-01-11 23:23:05.194+0000 INFO  Stopping...
2025-01-11 23:24:28.513+0000 INFO  Logging config in use: File '/var/lib/neo4j/conf/user-logs.xml'
2025-01-11 23:24:28.540+0000 INFO  Starting...
2025-01-11 23:24:44.400+0000 INFO  This instance is ServerId{ccdccad5} (ccdccad5-0d9b-4930-97d0-4082c6336358)
2025-01-11 23:24:51.050+0000 INFO  ======== Neo4j 5.25.1 ========
2025-01-11 23:25:00.205+0000 INFO  Anonymous Usage Data is being sent to Neo4j, see https://neo4j.com/docs/usage-data/
2025-01-11 23:25:00.262+0000 INFO  Bolt enabled on 0.0.0.0:7687.
2025-01-11 23:25:01.189+0000 INFO  HTTP enabled on 0.0.0.0:7474.
2025-01-11 23:25:01.191+0000 INFO  Remote interface available at http://localhost:7474/
2025-01-11 23:25:01.196+0000 INFO  id: A282AA28E95FA8FEF1A51BD0EEE83B6FA595C026697ACA86E37B565756F5CC6A
2025-01-11 23:25:01.197+0000 INFO  name: system
2025-01-11 23:25:01.198+0000 INFO  creationDate: 2024-11-09T00:16:40.413Z
2025-01-11 23:25:01.199+0000 INFO  Started.
2025-01-11 23:31:24.806+0000 INFO  Neo4j Server shutdown initiated by request
2025-01-11 23:31:24.821+0000 INFO  Stopping...
2025-01-11 23:32:44.917+0000 INFO  Logging config in use: File '/var/lib/neo4j/conf/user-logs.xml'
2025-01-11 23:32:44.959+0000 INFO  Starting...
2025-01-11 23:32:46.107+0000 INFO  This instance is ServerId{ccdccad5} (ccdccad5-0d9b-4930-97d0-4082c6336358)
2025-01-11 23:32:47.925+0000 INFO  ======== Neo4j 5.25.1 ========
2025-01-11 23:32:53.493+0000 INFO  Anonymous Usage Data is being sent to Neo4j, see https://neo4j.com/docs/usage-data/
2025-01-11 23:32:53.555+0000 INFO  Bolt enabled on 0.0.0.0:7687.
2025-01-11 23:32:54.285+0000 INFO  HTTP enabled on 0.0.0.0:7474.
2025-01-11 23:32:54.286+0000 INFO  Remote interface available at http://localhost:7474/
2025-01-11 23:32:54.291+0000 INFO  id: A282AA28E95FA8FEF1A51BD0EEE83B6FA595C026697ACA86E37B565756F5CC6A
2025-01-11 23:32:54.292+0000 INFO  name: system
2025-01-11 23:32:54.293+0000 INFO  creationDate: 2024-11-09T00:16:40.413Z
2025-01-11 23:32:54.295+0000 INFO  Started.
2025-01-11 23:36:48.272+0000 INFO  Neo4j Server shutdown initiated by request
2025-01-11 23:36:48.273+0000 INFO  Stopping...
2025-01-11 23:37:21.607+0000 INFO  Logging config in use: File '/var/lib/neo4j/conf/user-logs.xml'
2025-01-11 23:37:21.637+0000 INFO  Starting...
2025-01-11 23:37:22.692+0000 INFO  This instance is ServerId{ccdccad5} (ccdccad5-0d9b-4930-97d0-4082c6336358)
2025-01-11 23:37:24.044+0000 INFO  ======== Neo4j 5.25.1 ========
2025-01-11 23:37:29.874+0000 INFO  Anonymous Usage Data is being sent to Neo4j, see https://neo4j.com/docs/usage-data/
2025-01-11 23:37:29.943+0000 INFO  Bolt enabled on 0.0.0.0:7687.
2025-01-11 23:37:31.247+0000 INFO  HTTP enabled on 0.0.0.0:7474.
2025-01-11 23:37:31.249+0000 INFO  Remote interface available at http://localhost:7474/
2025-01-11 23:37:31.254+0000 INFO  id: A282AA28E95FA8FEF1A51BD0EEE83B6FA595C026697ACA86E37B565756F5CC6A
2025-01-11 23:37:31.255+0000 INFO  name: system
2025-01-11 23:37:31.256+0000 INFO  creationDate: 2024-11-09T00:16:40.413Z
2025-01-11 23:37:31.258+0000 INFO  Started.
2025-01-11 23:44:54.329+0000 INFO  Neo4j Server shutdown initiated by request
2025-01-11 23:44:54.343+0000 INFO  Stopping...
2025-01-12 00:03:13.303+0000 INFO  Logging config in use: File '/var/lib/neo4j/conf/user-logs.xml'
2025-01-12 00:03:13.346+0000 INFO  Starting...
2025-01-12 00:03:14.448+0000 INFO  This instance is ServerId{ccdccad5} (ccdccad5-0d9b-4930-97d0-4082c6336358)
2025-01-12 00:03:15.851+0000 INFO  ======== Neo4j 5.25.1 ========
2025-01-12 00:03:21.632+0000 INFO  Anonymous Usage Data is being sent to Neo4j, see https://neo4j.com/docs/usage-data/
2025-01-12 00:03:21.687+0000 INFO  Bolt enabled on 0.0.0.0:7687.
2025-01-12 00:03:22.379+0000 INFO  HTTP enabled on 0.0.0.0:7474.
2025-01-12 00:03:22.381+0000 INFO  Remote interface available at http://localhost:7474/
2025-01-12 00:03:22.385+0000 INFO  id: A282AA28E95FA8FEF1A51BD0EEE83B6FA595C026697ACA86E37B565756F5CC6A
2025-01-12 00:03:22.387+0000 INFO  name: system
2025-01-12 00:03:22.388+0000 INFO  creationDate: 2024-11-09T00:16:40.413Z
2025-01-12 00:03:22.389+0000 INFO  Started.
2025-01-12 00:11:20.894+0000 INFO  Neo4j Server shutdown initiated by request
2025-01-12 00:11:20.904+0000 INFO  Stopping...
2025-01-12 00:12:02.663+0000 INFO  Logging config in use: File '/var/lib/neo4j/conf/user-logs.xml'
2025-01-12 00:12:02.729+0000 INFO  Starting...
2025-01-12 00:12:04.008+0000 INFO  This instance is ServerId{ccdccad5} (ccdccad5-0d9b-4930-97d0-4082c6336358)
2025-01-12 00:12:06.135+0000 INFO  ======== Neo4j 5.25.1 ========
2025-01-12 00:12:13.019+0000 INFO  Anonymous Usage Data is being sent to Neo4j, see https://neo4j.com/docs/usage-data/
2025-01-12 00:12:13.093+0000 INFO  Bolt enabled on 0.0.0.0:7687.
2025-01-12 00:12:17.496+0000 INFO  HTTP enabled on 0.0.0.0:7474.
2025-01-12 00:12:17.498+0000 INFO  Remote interface available at http://localhost:7474/
2025-01-12 00:12:17.502+0000 INFO  id: A282AA28E95FA8FEF1A51BD0EEE83B6FA595C026697ACA86E37B565756F5CC6A
2025-01-12 00:12:17.504+0000 INFO  name: system
2025-01-12 00:12:17.504+0000 INFO  creationDate: 2024-11-09T00:16:40.413Z
2025-01-12 00:12:17.506+0000 INFO  Started.
2025-01-12 00:17:53.864+0000 INFO  Neo4j Server shutdown initiated by request
2025-01-12 00:17:53.868+0000 INFO  Stopping...
2025-01-12 00:18:27.579+0000 INFO  Logging config in use: File '/var/lib/neo4j/conf/user-logs.xml'
2025-01-12 00:18:27.630+0000 INFO  Starting...
2025-01-12 00:18:28.805+0000 INFO  This instance is ServerId{ccdccad5} (ccdccad5-0d9b-4930-97d0-4082c6336358)
2025-01-12 00:18:30.283+0000 INFO  ======== Neo4j 5.25.1 ========
2025-01-12 00:18:36.692+0000 INFO  Anonymous Usage Data is being sent to Neo4j, see https://neo4j.com/docs/usage-data/
2025-01-12 00:18:36.756+0000 INFO  Bolt enabled on 0.0.0.0:7687.
2025-01-12 00:18:37.526+0000 INFO  HTTP enabled on 0.0.0.0:7474.
2025-01-12 00:18:37.528+0000 INFO  Remote interface available at http://localhost:7474/
2025-01-12 00:18:37.533+0000 INFO  id: A282AA28E95FA8FEF1A51BD0EEE83B6FA595C026697ACA86E37B565756F5CC6A
2025-01-12 00:18:37.535+0000 INFO  name: system
2025-01-12 00:18:37.536+0000 INFO  creationDate: 2024-11-09T00:16:40.413Z
2025-01-12 00:18:37.537+0000 INFO  Started.
2025-01-12 00:23:26.108+0000 INFO  Neo4j Server shutdown initiated by request
2025-01-12 00:23:26.118+0000 INFO  Stopping...
2025-01-12 00:24:00.802+0000 INFO  Logging config in use: File '/var/lib/neo4j/conf/user-logs.xml'
2025-01-12 00:24:00.848+0000 INFO  Starting...
2025-01-12 00:24:02.108+0000 INFO  This instance is ServerId{ccdccad5} (ccdccad5-0d9b-4930-97d0-4082c6336358)
2025-01-12 00:24:03.561+0000 INFO  ======== Neo4j 5.25.1 ========
2025-01-12 00:24:09.394+0000 INFO  Anonymous Usage Data is being sent to Neo4j, see https://neo4j.com/docs/usage-data/
2025-01-12 00:24:09.452+0000 INFO  Bolt enabled on 0.0.0.0:7687.
2025-01-12 00:24:10.250+0000 INFO  HTTP enabled on 0.0.0.0:7474.
2025-01-12 00:24:10.252+0000 INFO  Remote interface available at http://localhost:7474/
2025-01-12 00:24:10.259+0000 INFO  id: A282AA28E95FA8FEF1A51BD0EEE83B6FA595C026697ACA86E37B565756F5CC6A
2025-01-12 00:24:10.261+0000 INFO  name: system
2025-01-12 00:24:10.262+0000 INFO  creationDate: 2024-11-09T00:16:40.413Z
2025-01-12 00:24:10.263+0000 INFO  Started.
2025-01-12 00:27:43.734+0000 INFO  Neo4j Server shutdown initiated by request
2025-01-12 00:27:43.736+0000 INFO  Stopping...
2025-01-12 00:28:21.125+0000 INFO  Logging config in use: File '/var/lib/neo4j/conf/user-logs.xml'
2025-01-12 00:28:21.174+0000 INFO  Starting...
2025-01-12 00:28:22.297+0000 INFO  This instance is ServerId{ccdccad5} (ccdccad5-0d9b-4930-97d0-4082c6336358)
2025-01-12 00:28:23.931+0000 INFO  ======== Neo4j 5.25.1 ========
2025-01-12 00:28:30.543+0000 INFO  Anonymous Usage Data is being sent to Neo4j, see https://neo4j.com/docs/usage-data/
2025-01-12 00:28:30.611+0000 INFO  Bolt enabled on 0.0.0.0:7687.
2025-01-12 00:28:31.663+0000 INFO  HTTP enabled on 0.0.0.0:7474.
2025-01-12 00:28:31.666+0000 INFO  Remote interface available at http://localhost:7474/
2025-01-12 00:28:31.678+0000 INFO  id: A282AA28E95FA8FEF1A51BD0EEE83B6FA595C026697ACA86E37B565756F5CC6A
2025-01-12 00:28:31.680+0000 INFO  name: system
2025-01-12 00:28:31.681+0000 INFO  creationDate: 2024-11-09T00:16:40.413Z
2025-01-12 00:28:31.683+0000 INFO  Started.
2025-01-12 00:39:02.534+0000 INFO  Neo4j Server shutdown initiated by request
2025-01-12 00:39:02.536+0000 INFO  Stopping...
2025-01-12 00:41:10.988+0000 INFO  Logging config in use: File '/var/lib/neo4j/conf/user-logs.xml'
2025-01-12 00:41:11.042+0000 INFO  Starting...
2025-01-12 00:41:12.502+0000 INFO  This instance is ServerId{ccdccad5} (ccdccad5-0d9b-4930-97d0-4082c6336358)
2025-01-12 00:41:14.219+0000 INFO  ======== Neo4j 5.25.1 ========
2025-01-12 00:41:20.013+0000 INFO  Anonymous Usage Data is being sent to Neo4j, see https://neo4j.com/docs/usage-data/
2025-01-12 00:41:20.078+0000 INFO  Bolt enabled on 0.0.0.0:7687.
2025-01-12 00:41:20.895+0000 INFO  HTTP enabled on 0.0.0.0:7474.
2025-01-12 00:41:20.897+0000 INFO  Remote interface available at http://localhost:7474/
2025-01-12 00:41:20.902+0000 INFO  id: A282AA28E95FA8FEF1A51BD0EEE83B6FA595C026697ACA86E37B565756F5CC6A
2025-01-12 00:41:20.903+0000 INFO  name: system
2025-01-12 00:41:20.905+0000 INFO  creationDate: 2024-11-09T00:16:40.413Z
2025-01-12 00:41:20.906+0000 INFO  Started.
2025-01-12 00:49:00.068+0000 INFO  Neo4j Server shutdown initiated by request
2025-01-12 00:49:00.070+0000 INFO  Stopping...
2025-01-12 00:49:37.741+0000 INFO  Logging config in use: File '/var/lib/neo4j/conf/user-logs.xml'
2025-01-12 00:49:37.778+0000 INFO  Starting...
2025-01-12 00:49:39.266+0000 INFO  This instance is ServerId{ccdccad5} (ccdccad5-0d9b-4930-97d0-4082c6336358)
2025-01-12 00:49:40.821+0000 INFO  ======== Neo4j 5.25.1 ========
2025-01-12 00:49:47.184+0000 INFO  Anonymous Usage Data is being sent to Neo4j, see https://neo4j.com/docs/usage-data/
2025-01-12 00:49:47.239+0000 INFO  Bolt enabled on 0.0.0.0:7687.
2025-01-12 00:49:48.087+0000 INFO  HTTP enabled on 0.0.0.0:7474.
2025-01-12 00:49:48.090+0000 INFO  Remote interface available at http://localhost:7474/
2025-01-12 00:49:48.099+0000 INFO  id: A282AA28E95FA8FEF1A51BD0EEE83B6FA595C026697ACA86E37B565756F5CC6A
2025-01-12 00:49:48.101+0000 INFO  name: system
2025-01-12 00:49:48.102+0000 INFO  creationDate: 2024-11-09T00:16:40.413Z
2025-01-12 00:49:48.105+0000 INFO  Started.
2025-01-12 01:01:53.227+0000 INFO  Neo4j Server shutdown initiated by request
2025-01-12 01:01:53.229+0000 INFO  Stopping...
2025-01-12 01:02:24.694+0000 INFO  Logging config in use: File '/var/lib/neo4j/conf/user-logs.xml'
2025-01-12 01:02:24.745+0000 INFO  Starting...
2025-01-12 01:02:26.473+0000 INFO  This instance is ServerId{ccdccad5} (ccdccad5-0d9b-4930-97d0-4082c6336358)
2025-01-12 01:02:28.068+0000 INFO  ======== Neo4j 5.25.1 ========
2025-01-12 01:02:38.881+0000 INFO  Anonymous Usage Data is being sent to Neo4j, see https://neo4j.com/docs/usage-data/
2025-01-12 01:02:39.302+0000 INFO  Bolt enabled on 0.0.0.0:7687.
2025-01-12 01:02:47.221+0000 INFO  HTTP enabled on 0.0.0.0:7474.
2025-01-12 01:02:47.223+0000 INFO  Remote interface available at http://localhost:7474/
2025-01-12 01:02:47.228+0000 INFO  id: A282AA28E95FA8FEF1A51BD0EEE83B6FA595C026697ACA86E37B565756F5CC6A
2025-01-12 01:02:47.229+0000 INFO  name: system
2025-01-12 01:02:47.230+0000 INFO  creationDate: 2024-11-09T00:16:40.413Z
2025-01-12 01:02:47.231+0000 INFO  Started.
2025-01-12 01:08:39.415+0000 INFO  Neo4j Server shutdown initiated by request
2025-01-12 01:08:39.419+0000 INFO  Stopping...
2025-01-12 01:09:29.976+0000 INFO  Logging config in use: File '/var/lib/neo4j/conf/user-logs.xml'
2025-01-12 01:09:30.017+0000 INFO  Starting...
2025-01-12 01:09:31.105+0000 INFO  This instance is ServerId{ccdccad5} (ccdccad5-0d9b-4930-97d0-4082c6336358)
2025-01-12 01:09:32.527+0000 INFO  ======== Neo4j 5.25.1 ========
2025-01-12 01:09:37.992+0000 INFO  Anonymous Usage Data is being sent to Neo4j, see https://neo4j.com/docs/usage-data/
2025-01-12 01:09:38.060+0000 INFO  Bolt enabled on 0.0.0.0:7687.
2025-01-12 01:09:38.825+0000 INFO  HTTP enabled on 0.0.0.0:7474.
2025-01-12 01:09:38.827+0000 INFO  Remote interface available at http://localhost:7474/
2025-01-12 01:09:38.831+0000 INFO  id: A282AA28E95FA8FEF1A51BD0EEE83B6FA595C026697ACA86E37B565756F5CC6A
2025-01-12 01:09:38.832+0000 INFO  name: system
2025-01-12 01:09:38.833+0000 INFO  creationDate: 2024-11-09T00:16:40.413Z
2025-01-12 01:09:38.835+0000 INFO  Started.
2025-01-12 01:17:55.987+0000 INFO  Neo4j Server shutdown initiated by request
2025-01-12 01:17:55.994+0000 INFO  Stopping...
2025-01-12 01:18:47.405+0000 INFO  Logging config in use: File '/var/lib/neo4j/conf/user-logs.xml'
2025-01-12 01:18:47.448+0000 INFO  Starting...
2025-01-12 01:18:48.513+0000 INFO  This instance is ServerId{ccdccad5} (ccdccad5-0d9b-4930-97d0-4082c6336358)
2025-01-12 01:18:49.949+0000 INFO  ======== Neo4j 5.25.1 ========
2025-01-12 01:18:56.089+0000 INFO  Anonymous Usage Data is being sent to Neo4j, see https://neo4j.com/docs/usage-data/
2025-01-12 01:18:56.164+0000 INFO  Bolt enabled on 0.0.0.0:7687.
2025-01-12 01:18:56.876+0000 INFO  HTTP enabled on 0.0.0.0:7474.
2025-01-12 01:18:56.878+0000 INFO  Remote interface available at http://localhost:7474/
2025-01-12 01:18:56.882+0000 INFO  id: A282AA28E95FA8FEF1A51BD0EEE83B6FA595C026697ACA86E37B565756F5CC6A
2025-01-12 01:18:56.884+0000 INFO  name: system
2025-01-12 01:18:56.885+0000 INFO  creationDate: 2024-11-09T00:16:40.413Z
2025-01-12 01:18:56.886+0000 INFO  Started.
2025-01-12 01:37:10.204+0000 INFO  Neo4j Server shutdown initiated by request
2025-01-12 01:37:10.209+0000 INFO  Stopping...
2025-01-12 01:37:53.257+0000 INFO  Logging config in use: File '/var/lib/neo4j/conf/user-logs.xml'
2025-01-12 01:37:53.310+0000 INFO  Starting...
2025-01-12 01:37:54.733+0000 INFO  This instance is ServerId{ccdccad5} (ccdccad5-0d9b-4930-97d0-4082c6336358)
2025-01-12 01:37:56.146+0000 INFO  ======== Neo4j 5.25.1 ========
2025-01-12 01:38:01.854+0000 INFO  Anonymous Usage Data is being sent to Neo4j, see https://neo4j.com/docs/usage-data/
2025-01-12 01:38:01.905+0000 INFO  Bolt enabled on 0.0.0.0:7687.
2025-01-12 01:38:02.711+0000 INFO  HTTP enabled on 0.0.0.0:7474.
2025-01-12 01:38:02.713+0000 INFO  Remote interface available at http://localhost:7474/
2025-01-12 01:38:02.718+0000 INFO  id: A282AA28E95FA8FEF1A51BD0EEE83B6FA595C026697ACA86E37B565756F5CC6A
2025-01-12 01:38:02.719+0000 INFO  name: system
2025-01-12 01:38:02.720+0000 INFO  creationDate: 2024-11-09T00:16:40.413Z
2025-01-12 01:38:02.721+0000 INFO  Started.
2025-01-12 01:40:54.842+0000 INFO  Neo4j Server shutdown initiated by request
2025-01-12 01:40:54.843+0000 INFO  Stopping...
2025-01-12 01:41:39.731+0000 INFO  Logging config in use: File '/var/lib/neo4j/conf/user-logs.xml'
2025-01-12 01:41:39.770+0000 INFO  Starting...
2025-01-12 01:41:41.167+0000 INFO  This instance is ServerId{ccdccad5} (ccdccad5-0d9b-4930-97d0-4082c6336358)
2025-01-12 01:41:43.069+0000 INFO  ======== Neo4j 5.25.1 ========
2025-01-12 01:42:11.305+0000 INFO  Anonymous Usage Data is being sent to Neo4j, see https://neo4j.com/docs/usage-data/
2025-01-12 01:42:11.375+0000 INFO  Bolt enabled on 0.0.0.0:7687.
2025-01-12 01:42:12.174+0000 INFO  HTTP enabled on 0.0.0.0:7474.
2025-01-12 01:42:12.176+0000 INFO  Remote interface available at http://localhost:7474/
2025-01-12 01:42:12.180+0000 INFO  id: A282AA28E95FA8FEF1A51BD0EEE83B6FA595C026697ACA86E37B565756F5CC6A
2025-01-12 01:42:12.181+0000 INFO  name: system
2025-01-12 01:42:12.182+0000 INFO  creationDate: 2024-11-09T00:16:40.413Z
2025-01-12 01:42:12.183+0000 INFO  Started.
2025-01-12 01:44:34.209+0000 INFO  Neo4j Server shutdown initiated by request
2025-01-12 01:44:34.231+0000 INFO  Stopping...
2025-01-12 01:45:06.492+0000 INFO  Logging config in use: File '/var/lib/neo4j/conf/user-logs.xml'
2025-01-12 01:45:06.525+0000 INFO  Starting...
2025-01-12 01:45:07.889+0000 INFO  This instance is ServerId{ccdccad5} (ccdccad5-0d9b-4930-97d0-4082c6336358)
2025-01-12 01:45:09.337+0000 INFO  ======== Neo4j 5.25.1 ========
2025-01-12 01:45:14.791+0000 INFO  Anonymous Usage Data is being sent to Neo4j, see https://neo4j.com/docs/usage-data/
2025-01-12 01:45:14.849+0000 INFO  Bolt enabled on 0.0.0.0:7687.
2025-01-12 01:45:15.706+0000 INFO  HTTP enabled on 0.0.0.0:7474.
2025-01-12 01:45:15.708+0000 INFO  Remote interface available at http://localhost:7474/
2025-01-12 01:45:15.713+0000 INFO  id: A282AA28E95FA8FEF1A51BD0EEE83B6FA595C026697ACA86E37B565756F5CC6A
2025-01-12 01:45:15.714+0000 INFO  name: system
2025-01-12 01:45:15.715+0000 INFO  creationDate: 2024-11-09T00:16:40.413Z
2025-01-12 01:45:15.717+0000 INFO  Started.
2025-01-12 01:48:08.116+0000 INFO  Neo4j Server shutdown initiated by request
2025-01-12 01:48:08.117+0000 INFO  Stopping...
2025-01-12 11:37:59.626+0000 INFO  Logging config in use: File '/var/lib/neo4j/conf/user-logs.xml'
2025-01-12 11:37:59.669+0000 INFO  Starting...
2025-01-12 11:38:00.915+0000 INFO  This instance is ServerId{ccdccad5} (ccdccad5-0d9b-4930-97d0-4082c6336358)
2025-01-12 11:38:02.795+0000 INFO  ======== Neo4j 5.25.1 ========
2025-01-12 11:38:20.689+0000 INFO  Anonymous Usage Data is being sent to Neo4j, see https://neo4j.com/docs/usage-data/
2025-01-12 11:38:20.768+0000 INFO  Bolt enabled on 0.0.0.0:7687.
2025-01-12 11:38:21.508+0000 INFO  HTTP enabled on 0.0.0.0:7474.
2025-01-12 11:38:21.510+0000 INFO  Remote interface available at http://localhost:7474/
2025-01-12 11:38:21.515+0000 INFO  id: A282AA28E95FA8FEF1A51BD0EEE83B6FA595C026697ACA86E37B565756F5CC6A
2025-01-12 11:38:21.517+0000 INFO  name: system
2025-01-12 11:38:21.518+0000 INFO  creationDate: 2024-11-09T00:16:40.413Z
2025-01-12 11:38:21.519+0000 INFO  Started.
2025-01-12 12:24:28.678+0000 INFO  Neo4j Server shutdown initiated by request
2025-01-12 12:24:28.680+0000 INFO  Stopping...
2025-01-12 12:25:09.310+0000 INFO  Logging config in use: File '/var/lib/neo4j/conf/user-logs.xml'
2025-01-12 12:25:09.351+0000 INFO  Starting...
2025-01-12 12:25:10.493+0000 INFO  This instance is ServerId{ccdccad5} (ccdccad5-0d9b-4930-97d0-4082c6336358)
2025-01-12 12:25:11.985+0000 INFO  ======== Neo4j 5.25.1 ========
2025-01-12 12:25:19.606+0000 INFO  Anonymous Usage Data is being sent to Neo4j, see https://neo4j.com/docs/usage-data/
2025-01-12 12:25:19.693+0000 INFO  Bolt enabled on 0.0.0.0:7687.
2025-01-12 12:25:20.531+0000 INFO  HTTP enabled on 0.0.0.0:7474.
2025-01-12 12:25:20.533+0000 INFO  Remote interface available at http://localhost:7474/
2025-01-12 12:25:20.538+0000 INFO  id: A282AA28E95FA8FEF1A51BD0EEE83B6FA595C026697ACA86E37B565756F5CC6A
2025-01-12 12:25:20.540+0000 INFO  name: system
2025-01-12 12:25:20.541+0000 INFO  creationDate: 2024-11-09T00:16:40.413Z
2025-01-12 12:25:20.542+0000 INFO  Started.
2025-01-12 12:42:26.994+0000 INFO  Neo4j Server shutdown initiated by request
2025-01-12 12:42:26.996+0000 INFO  Stopping...
2025-01-12 12:53:26.768+0000 INFO  Logging config in use: File '/var/lib/neo4j/conf/user-logs.xml'
2025-01-12 12:53:26.806+0000 INFO  Starting...
2025-01-12 12:53:28.265+0000 INFO  This instance is ServerId{ccdccad5} (ccdccad5-0d9b-4930-97d0-4082c6336358)
2025-01-12 12:53:29.916+0000 INFO  ======== Neo4j 5.25.1 ========
2025-01-12 12:53:58.973+0000 INFO  Anonymous Usage Data is being sent to Neo4j, see https://neo4j.com/docs/usage-data/
2025-01-12 12:53:59.031+0000 INFO  Bolt enabled on 0.0.0.0:7687.
2025-01-12 12:53:59.772+0000 INFO  HTTP enabled on 0.0.0.0:7474.
2025-01-12 12:53:59.774+0000 INFO  Remote interface available at http://localhost:7474/
2025-01-12 12:53:59.779+0000 INFO  id: A282AA28E95FA8FEF1A51BD0EEE83B6FA595C026697ACA86E37B565756F5CC6A
2025-01-12 12:53:59.780+0000 INFO  name: system
2025-01-12 12:53:59.782+0000 INFO  creationDate: 2024-11-09T00:16:40.413Z
2025-01-12 12:53:59.783+0000 INFO  Started.
2025-01-12 12:58:21.302+0000 INFO  Neo4j Server shutdown initiated by request
2025-01-12 12:58:21.308+0000 INFO  Stopping...
2025-01-12 12:59:20.935+0000 INFO  Logging config in use: File '/var/lib/neo4j/conf/user-logs.xml'
2025-01-12 12:59:20.975+0000 INFO  Starting...
2025-01-12 12:59:22.238+0000 INFO  This instance is ServerId{ccdccad5} (ccdccad5-0d9b-4930-97d0-4082c6336358)
2025-01-12 12:59:23.632+0000 INFO  ======== Neo4j 5.25.1 ========
2025-01-12 12:59:29.780+0000 INFO  Anonymous Usage Data is being sent to Neo4j, see https://neo4j.com/docs/usage-data/
2025-01-12 12:59:29.868+0000 INFO  Bolt enabled on 0.0.0.0:7687.
2025-01-12 12:59:30.710+0000 INFO  HTTP enabled on 0.0.0.0:7474.
2025-01-12 12:59:30.712+0000 INFO  Remote interface available at http://localhost:7474/
2025-01-12 12:59:30.716+0000 INFO  id: A282AA28E95FA8FEF1A51BD0EEE83B6FA595C026697ACA86E37B565756F5CC6A
2025-01-12 12:59:30.717+0000 INFO  name: system
2025-01-12 12:59:30.718+0000 INFO  creationDate: 2024-11-09T00:16:40.413Z
2025-01-12 12:59:30.720+0000 INFO  Started.
2025-01-12 13:01:32.285+0000 INFO  Neo4j Server shutdown initiated by request
2025-01-12 13:01:32.286+0000 INFO  Stopping...
2025-01-12 13:06:00.850+0000 INFO  Logging config in use: File '/var/lib/neo4j/conf/user-logs.xml'
2025-01-12 13:06:00.902+0000 INFO  Starting...
2025-01-12 13:06:02.138+0000 INFO  This instance is ServerId{ccdccad5} (ccdccad5-0d9b-4930-97d0-4082c6336358)
2025-01-12 13:06:03.655+0000 INFO  ======== Neo4j 5.25.1 ========
2025-01-12 13:06:09.923+0000 INFO  Anonymous Usage Data is being sent to Neo4j, see https://neo4j.com/docs/usage-data/
2025-01-12 13:06:10.009+0000 INFO  Bolt enabled on 0.0.0.0:7687.
2025-01-12 13:06:10.814+0000 INFO  HTTP enabled on 0.0.0.0:7474.
2025-01-12 13:06:10.816+0000 INFO  Remote interface available at http://localhost:7474/
2025-01-12 13:06:10.821+0000 INFO  id: A282AA28E95FA8FEF1A51BD0EEE83B6FA595C026697ACA86E37B565756F5CC6A
2025-01-12 13:06:10.822+0000 INFO  name: system
2025-01-12 13:06:10.823+0000 INFO  creationDate: 2024-11-09T00:16:40.413Z
2025-01-12 13:06:10.824+0000 INFO  Started.
2025-01-12 13:09:53.259+0000 INFO  Neo4j Server shutdown initiated by request
2025-01-12 13:09:53.260+0000 INFO  Stopping...
2025-01-12 13:10:46.522+0000 INFO  Logging config in use: File '/var/lib/neo4j/conf/user-logs.xml'
2025-01-12 13:10:46.571+0000 INFO  Starting...
2025-01-12 13:10:47.765+0000 INFO  This instance is ServerId{ccdccad5} (ccdccad5-0d9b-4930-97d0-4082c6336358)
2025-01-12 13:10:49.358+0000 INFO  ======== Neo4j 5.25.1 ========
2025-01-12 13:10:55.693+0000 INFO  Anonymous Usage Data is being sent to Neo4j, see https://neo4j.com/docs/usage-data/
2025-01-12 13:10:55.752+0000 INFO  Bolt enabled on 0.0.0.0:7687.
2025-01-12 13:10:56.645+0000 INFO  HTTP enabled on 0.0.0.0:7474.
2025-01-12 13:10:56.647+0000 INFO  Remote interface available at http://localhost:7474/
2025-01-12 13:10:56.654+0000 INFO  id: A282AA28E95FA8FEF1A51BD0EEE83B6FA595C026697ACA86E37B565756F5CC6A
2025-01-12 13:10:56.656+0000 INFO  name: system
2025-01-12 13:10:56.657+0000 INFO  creationDate: 2024-11-09T00:16:40.413Z
2025-01-12 13:10:56.659+0000 INFO  Started.
2025-01-12 13:48:53.548+0000 INFO  Neo4j Server shutdown initiated by request
2025-01-12 13:48:53.551+0000 INFO  Stopping...
2025-01-12 13:49:47.491+0000 INFO  Logging config in use: File '/var/lib/neo4j/conf/user-logs.xml'
2025-01-12 13:49:47.529+0000 INFO  Starting...
2025-01-12 13:49:48.691+0000 INFO  This instance is ServerId{ccdccad5} (ccdccad5-0d9b-4930-97d0-4082c6336358)
2025-01-12 13:49:50.301+0000 INFO  ======== Neo4j 5.25.1 ========
2025-01-12 13:49:55.826+0000 INFO  Anonymous Usage Data is being sent to Neo4j, see https://neo4j.com/docs/usage-data/
2025-01-12 13:49:55.887+0000 INFO  Bolt enabled on 0.0.0.0:7687.
2025-01-12 13:49:56.625+0000 INFO  HTTP enabled on 0.0.0.0:7474.
2025-01-12 13:49:56.627+0000 INFO  Remote interface available at http://localhost:7474/
2025-01-12 13:49:56.631+0000 INFO  id: A282AA28E95FA8FEF1A51BD0EEE83B6FA595C026697ACA86E37B565756F5CC6A
2025-01-12 13:49:56.632+0000 INFO  name: system
2025-01-12 13:49:56.633+0000 INFO  creationDate: 2024-11-09T00:16:40.413Z
2025-01-12 13:49:56.634+0000 INFO  Started.
2025-01-12 18:16:40.614+0000 INFO  Logging config in use: File '/var/lib/neo4j/conf/user-logs.xml'
2025-01-12 18:16:40.665+0000 INFO  Starting...
2025-01-12 18:16:42.635+0000 INFO  This instance is ServerId{ccdccad5} (ccdccad5-0d9b-4930-97d0-4082c6336358)
2025-01-12 18:16:45.898+0000 INFO  ======== Neo4j 5.25.1 ========
2025-01-12 18:17:06.909+0000 INFO  Anonymous Usage Data is being sent to Neo4j, see https://neo4j.com/docs/usage-data/
2025-01-12 18:17:07.398+0000 INFO  Bolt enabled on 0.0.0.0:7687.
2025-01-12 18:17:10.528+0000 INFO  HTTP enabled on 0.0.0.0:7474.
2025-01-12 18:17:10.530+0000 INFO  Remote interface available at http://localhost:7474/
2025-01-12 18:17:10.537+0000 INFO  id: A282AA28E95FA8FEF1A51BD0EEE83B6FA595C026697ACA86E37B565756F5CC6A
2025-01-12 18:17:10.539+0000 INFO  name: system
2025-01-12 18:17:10.540+0000 INFO  creationDate: 2024-11-09T00:16:40.413Z
2025-01-12 18:17:10.541+0000 INFO  Started.
2025-01-12 18:21:21.882+0000 INFO  Neo4j Server shutdown initiated by request
2025-01-12 18:21:21.884+0000 INFO  Stopping...
2025-01-12 18:24:28.760+0000 INFO  Logging config in use: File '/var/lib/neo4j/conf/user-logs.xml'
2025-01-12 18:24:28.804+0000 INFO  Starting...
2025-01-12 18:24:30.233+0000 INFO  This instance is ServerId{ccdccad5} (ccdccad5-0d9b-4930-97d0-4082c6336358)
2025-01-12 18:24:32.488+0000 INFO  ======== Neo4j 5.25.1 ========
2025-01-12 18:24:40.278+0000 INFO  Anonymous Usage Data is being sent to Neo4j, see https://neo4j.com/docs/usage-data/
2025-01-12 18:24:40.347+0000 INFO  Bolt enabled on 0.0.0.0:7687.
2025-01-12 18:24:41.476+0000 INFO  HTTP enabled on 0.0.0.0:7474.
2025-01-12 18:24:41.478+0000 INFO  Remote interface available at http://localhost:7474/
2025-01-12 18:24:41.483+0000 INFO  id: A282AA28E95FA8FEF1A51BD0EEE83B6FA595C026697ACA86E37B565756F5CC6A
2025-01-12 18:24:41.484+0000 INFO  name: system
2025-01-12 18:24:41.485+0000 INFO  creationDate: 2024-11-09T00:16:40.413Z
2025-01-12 18:24:41.487+0000 INFO  Started.
2025-01-12 18:33:28.140+0000 INFO  Neo4j Server shutdown initiated by request
2025-01-12 18:33:28.142+0000 INFO  Stopping...
2025-01-12 18:37:06.274+0000 INFO  Logging config in use: File '/var/lib/neo4j/conf/user-logs.xml'
2025-01-12 18:37:06.337+0000 INFO  Starting...
2025-01-12 18:37:08.594+0000 INFO  This instance is ServerId{ccdccad5} (ccdccad5-0d9b-4930-97d0-4082c6336358)
2025-01-12 18:37:15.802+0000 INFO  ======== Neo4j 5.25.1 ========
2025-01-12 18:37:38.999+0000 INFO  Anonymous Usage Data is being sent to Neo4j, see https://neo4j.com/docs/usage-data/
2025-01-12 18:37:39.156+0000 INFO  Bolt enabled on 0.0.0.0:7687.
2025-01-12 18:37:40.599+0000 INFO  HTTP enabled on 0.0.0.0:7474.
2025-01-12 18:37:40.601+0000 INFO  Remote interface available at http://localhost:7474/
2025-01-12 18:37:40.608+0000 INFO  id: A282AA28E95FA8FEF1A51BD0EEE83B6FA595C026697ACA86E37B565756F5CC6A
2025-01-12 18:37:40.609+0000 INFO  name: system
2025-01-12 18:37:40.610+0000 INFO  creationDate: 2024-11-09T00:16:40.413Z
2025-01-12 18:37:40.612+0000 INFO  Started.
2025-01-12 18:41:23.712+0000 INFO  Neo4j Server shutdown initiated by request
2025-01-12 18:41:23.713+0000 INFO  Stopping...
2025-01-12 19:03:26.201+0000 INFO  Logging config in use: File '/var/lib/neo4j/conf/user-logs.xml'
2025-01-12 19:03:26.233+0000 INFO  Starting...
2025-01-12 19:03:27.454+0000 INFO  This instance is ServerId{ccdccad5} (ccdccad5-0d9b-4930-97d0-4082c6336358)
2025-01-12 19:03:29.048+0000 INFO  ======== Neo4j 5.25.1 ========
2025-01-12 19:03:49.567+0000 INFO  Anonymous Usage Data is being sent to Neo4j, see https://neo4j.com/docs/usage-data/
2025-01-12 19:03:49.637+0000 INFO  Bolt enabled on 0.0.0.0:7687.
2025-01-12 19:04:00.902+0000 INFO  HTTP enabled on 0.0.0.0:7474.
2025-01-12 19:04:00.905+0000 INFO  Remote interface available at http://localhost:7474/
2025-01-12 19:04:00.910+0000 INFO  id: A282AA28E95FA8FEF1A51BD0EEE83B6FA595C026697ACA86E37B565756F5CC6A
2025-01-12 19:04:00.912+0000 INFO  name: system
2025-01-12 19:04:00.913+0000 INFO  creationDate: 2024-11-09T00:16:40.413Z
2025-01-12 19:04:00.915+0000 INFO  Started.
2025-01-12 19:26:53.314+0000 INFO  Neo4j Server shutdown initiated by request
2025-01-12 19:26:53.317+0000 INFO  Stopping...
2025-01-12 19:27:35.183+0000 INFO  Logging config in use: File '/var/lib/neo4j/conf/user-logs.xml'
2025-01-12 19:27:35.237+0000 INFO  Starting...
2025-01-12 19:27:36.600+0000 INFO  This instance is ServerId{ccdccad5} (ccdccad5-0d9b-4930-97d0-4082c6336358)
2025-01-12 19:27:38.247+0000 INFO  ======== Neo4j 5.25.1 ========
2025-01-12 19:27:44.219+0000 INFO  Anonymous Usage Data is being sent to Neo4j, see https://neo4j.com/docs/usage-data/
2025-01-12 19:27:44.290+0000 INFO  Bolt enabled on 0.0.0.0:7687.
2025-01-12 19:27:45.072+0000 INFO  HTTP enabled on 0.0.0.0:7474.
2025-01-12 19:27:45.075+0000 INFO  Remote interface available at http://localhost:7474/
2025-01-12 19:27:45.080+0000 INFO  id: A282AA28E95FA8FEF1A51BD0EEE83B6FA595C026697ACA86E37B565756F5CC6A
2025-01-12 19:27:45.081+0000 INFO  name: system
2025-01-12 19:27:45.082+0000 INFO  creationDate: 2024-11-09T00:16:40.413Z
2025-01-12 19:27:45.084+0000 INFO  Started.
2025-01-12 19:30:25.191+0000 INFO  Neo4j Server shutdown initiated by request
2025-01-12 19:30:25.192+0000 INFO  Stopping...
